ะ,ITEM NO.,Name,Group,Order,Supplier,Q.,Unit PO, Cost PO,Q.,Unit For Stock, Cost For Stock,Q.,Unit For Recipe, Cost For Recipe,Price Update 
1,AS-0001,เอโร่ กล่องอาหาร พร้อมฝา PP ใส ขนาด 1000 มล. x 25 ชุด,AS,1,แม็คโคร,1,แพ็ค,  89.00 ,1,แพ็ค, ฿ 89.00 ,25,ชุด, ฿ 3.56 ,26/03/26
2,AS-0002,เอโร่ กล่องอาหาร 2 ช่อง พร้อมฝา PP ใส ขนาด 750 มล.,AS,2,แม็คโคร,1,แพ็ค,  89.00 ,1,แพ็ค, ฿ 89.00 ,25,ชุด, ฿ 3.56 ,
3,AS-0003,เอโร่ ฟิล์มยืดหุ้มห่ออาหาร ขนาด 14 นิ้ว ยาว 500 เมตร,AS,3,แม็คโคร,1,ม้วน,  395.00 ,1,ม้วน, ฿ 395.00 ,500,เมตร, ฿ 0.79 ,
220,AS-0004,เอโร่ กล่องอาหาร พร้อมฝา PP ใส ขนาด 750 มล. x 25 ใบ,AS,4,แม็คโคร,1,แพ็ค,  59.00 ,1,แพ็ค, ฿ 59.00 ,25,ชุด, ฿ 2.36 ,
226,AS-0005,ถุงร้อน สีขุ่น ขนาด 5*8,AS,5,SK SUPPLY,1,แพ็ค,  38.00 ,1,แพ็ค, ฿ 38.00 ,1000,กรัม, ฿ 0.04 ,
227,AS-0006,ถุงร้อน สีขุ่น  ขนาด 6*9,AS,6,SK SUPPLY,1,แพ็ค,  48.00 ,1,แพ็ค, ฿ 48.00 ,1000,กรัม, ฿ 0.05 ,
236,AS-0007,มาสเตอร์โปร ถุงมือไนโตรสีฟ้า 9 นิ้ว ไซต์L แพ็ค 100 ชิ้น,AS,7,แม็คโคร,1,กล่อง,  159.00 ,1,กล่อง, ฿ 159.00 ,100,ชิ้น, ฿ 1.59 ,26/03/26
239,AS-0008,สก็อตช์ไบรต์ ฟองน้ำ 3x4 นิ้ว แพ็ค 3+1,AS,8,แม็คโคร,1,แพ็ค,  65.00 ,4,ชิ้น, ฿ 16.25 ,1,ชิ้น, ฿ 16.25 ,
242,AS-0009,เอโร่ แอลกอฮอล์แข็ง ชนิดถ้วย 24 กรัม แพ็ค 50 ชิ้น,AS,9,แม็คโคร,1,กล่อง,  185.00 ,50,ชิ้น, ฿ 3.70 ,1,ชิ้น, ฿ 3.70 ,
246,AS-0010,โอโมพลัส ผงซักฟอกสูตรเข้มข้น ไวท์ เฟรช สีฟ้า 3000 กรัม,AS,10,แม็คโคร,1,ถุง,  175.00 ,1,ถุง, ฿ 175.00 ,1,ถุง, ฿ 175.00 ,
247,AS-0011,เอโร่ กระดาษไขเคลือบพิเศษ ขนาด 45 ซม. x 50 ม.,AS,11,แม็คโคร,1,กล่อง,  299.00 ,1,กล่อง, ฿ 299.00 ,1,กล่อง, ฿ 299.00 ,
248,AS-0012,มาสเตอร์โปร ถุงมือไนไตรขาว ขนาด M 9 นิ้ว x 100 ชิ้น,AS,12,แม็คโคร,1,กล่อง,  419.00 ,100,ชิ้น, ฿ 4.19 ,1,ชิ้น, ฿ 4.19 ,
255,AS-0013,กล่องอาหารพลาสติกพีพีพร้อมฝา ขนาด 1000 มล. x 25ชุด,AS,13,แม็คโคร,1,แพ็ค,  99.00 ,1,แพ็ค, ฿ 99.00 ,25,ชุด, ฿ 3.96 ,
289,AS-0014,"Livi กระดาษเช็ดมือ 300 แผ่น จำนวน 24 ห่อ, 1 ลัง",AS,14,TK work,1,ลัง,  995.00 ,24,ห่อ, ฿ 41.46 ,1,ห่อ, ฿ 41.46 ,28/12/25
337,AS-0015,สก๊อตช์-ไบรต์ ฝอยสเตนเลส 14 กรัม แพ็ค 6 ชิ้น,AS,15,แม็คโคร,1,แพ็ค,  69.00 ,1,แพ็ค, ฿ 69.00 ,6,ชิ้น, ฿ 11.50 ,
377,AS-0016,เชือกสีธรรมชาติ (ขาว แดง),AS,16,SK SUPPLY,1,ม้วน,  170.00 ,1,ม้วน, ฿ 170.00 ,1,ม้วน, ฿ 170.00 ,
378,AS-0017,ถุงร้อนใส ขนาด 5 กก,AS,17,ตลาดสด,1,กิโล,  100.00 ,1,กิโล, ฿ 100.00 ,1,กิโล, ฿ 100.00 ,
379,AS-0018,KIWI Pro Slice ที่ไสผักและผลไม้,AS,18,ตลาดสด,1,ชิ้น,  20.00 ,1,ชิ้น, ฿ 20.00 ,1,ชิ้น, ฿ 20.00 ,
380,AS-0019,Kiwi pro peeler ที่ปอกเปลือกผัก ผลไม้,AS,19,ตลาดสด,1,ชิ้น,  20.00 ,1,ชิ้น, ฿ 20.00 ,1,ชิ้น, ฿ 20.00 ,
381,AS-0020,แอลกอฮอล์เจลอุ่นอาหาร ขนาด 15 กก,AS,20,PEPULAR,1,แกลลอน,"  1,090.00 ",15,กิโล, ฿ 72.67 ,1,กิโล, ฿ 72.67 ,
382,AS-0021,ถ้วยกระดาษคราฟท์ 500 ml พร้อมฝา 25 ชิ้น PC500K-CL,AS,21,SK,1,แพ็ค,  108.00 ,25,ชุด, ฿ 4.32 ,1,ชิ้น, ฿ 4.32 ,
383,AS-0022,กล่องใส่อาหาร 3 ช่อง สีดำฝาใส 900 มล 50 ใบ,AS,22,SP,1,แพ็ค,  128.00 ,50,กล่อง, ฿ 2.56 ,1,กล่อง, ฿ 2.56 ,
384,AS-0023,ไดมอนด์ อะลูมิเนียมฟอยล์ ขนาด 18x37.5 ตรฟ.,AS,23,แม็คโคร,1,กล่อง,  109.00 ,1,กล่อง, ฿ 109.00 ,1,กล่อง, ฿ 109.00 ,
385,AS-0024,ไม้เสียบหัวธง ขนาด 12 ซม. (ใช้แล้วทิ้ง) (1 แพ็ค /100 ชิ้น),AS,24,แม็คโคร,1,แพ็ค,  44.00 ,1,แพ็ค, ฿ 44.00 ,100,ชิ้น, ฿ 0.44 ,
386,AS-0025,เอโร่ ถ้วยซอสพร้อมฝา PET 2 ออนซ์ 100 ชิ้น,AS,25,Makro,1,แพ็ค,  88.00 ,1,แพ็ค, ฿ 88.00 ,100,ชิ้น, ฿ 0.88 ,
387,AS-0026,เอโร่ ชามกลม พีพี พร้อมฝานูน 550 มล. x 25,AS,26,Makro,1,แพ็ค,  59.00 ,1,แพ็ค, ฿ 59.00 ,25,ชิ้น, ฿ 2.36 ,
388,AS-0027,ถุงร้อน สีใส ขนาด 5*8,AS,27,SK SUPPLY,1,แพ็ค,  38.00 ,1,แพ็ค, ฿ 38.00 ,500,กรัม, ฿ 0.08 ,
389,AS-0028,ถุงร้อน สีใส  ขนาด 6*9,AS,28,SK SUPPLY,1,แพ็ค,  48.00 ,1,แพ็ค, ฿ 48.00 ,500,กรัม, ฿ 0.10 ,
390,AS-0029,ถุงพลาสติกหูหิ้ว เนื้อ HDPE 8X16 นิ้ว (สีขุ่น),AS,29,SK SUPPLY,1,แพ็ค,  48.00 ,1,แพ็ค, ฿ 48.00 ,500,กรัม, ฿ 0.10 ,26/03/26
391,AS-0030,ชุดถุงสูญญากาศ 50 ชิ้น,AS,30,Shopee,1,แพ็ค,  82.00 ,1,แพ็ค, ฿ 82.00 ,500,กรัม, ฿ 0.16 ,
392,AS-0031,ถุงซีลสูญญากาศ ขนาด 10*15 ซม.,AS,31,Shopee,1,แพ็ค,  39.00 ,1,แพ็ค, ฿ 39.00 ,100,ใบ, ฿ 0.39 ,
393,AS-0032,ถุงซีลสูญญากาศ ขนาด 15*20 ซม.,AS,32,Shopee,1,แพ็ค,  80.00 ,1,แพ็ค, ฿ 80.00 ,100,ใบ, ฿ 0.80 ,
394,AS-0033,ถุงซีลสูญญากาศ ขนาด 17*25 ซม.,AS,33,Shopee,1,แพ็ค,  110.00 ,1,แพ็ค, ฿ 110.00 ,100,ถูง, ฿ 1.10 ,
395,AS-0034,มาสเตอร์โปร ถุงมือไนโตรสีฟ้า 9 นิ้ว ไซต์ M แพ็ค 100 ชิ้น,AS,34,แม็คโคร,1,กล่อง,  279.00 ,1,กล่อง, ฿ 279.00 ,100,ชิ้น, ฿ 2.79 ,
237,CL-0001,ไลปอนเอฟ น้ำยาล้างจาน สูตรอนามัย 3600 มล.,CL,1,แม็คโคร,1,แกลลอน,  139.00 ,1,แกลลอน, ฿ 139.00 ,3600,กรัม, ฿ 0.04 ,
259,CL-0002,มาจิคลีน สเปรย์น้ำยาทำความสะอาด สำหรับห้องครัว 500 มล.,CL,2,แม็คโคร,1,ขวด,  65.00 ,1,ขวด, ฿ 65.00 ,1,ขวด, ฿ 65.00 ,
260,CL-0003,3เอ็ม ผลิตภัณฑ์ทำความสะอาดพื้น ฆ่าเชื้อ กลิ่นโรแมนติกโรส 3.8 ลิตร,CL,3,แม็คโคร,1,แกลลอน,  195.00 ,1,แกลลอน, ฿ 195.00 ,1,แกลลอน, ฿ 195.00 ,
2,FF-0001,กรรเชียงปูใหญ่,FF,1,สุดทะเล,1,แพ็ค,  350.00 ,1,แพ็ค, ฿ 350.00 ,250,กรัม, ฿ 1.40 ,
3,FF-0002,ไข่ไก่ เบอร์ 3 (1มัด/ 5แผง),FF,2,เบทาโกร,1,มัด,  590.00 ,5,แผง, ฿ 118.00 ,30,ฟอง, ฿ 3.93 ,28/12/25
4,FF-0003,กระเทียมจีนแกะกลีบ 1 กิโลกรัม,FF,3,แม็คโคร,1,กิโล,  100.00 ,1,แพ็ค, ฿ 100.00 ,1000,กรัม, ฿ 0.10 ,26/03/26
5,FF-0004,ต้นหอม 150กรัม,FF,4,แม็คโคร,1,แพ็ค,  49.00 ,1,แพ็ค, ฿ 49.00 ,150,กรัม, ฿ 0.33 ,26/03/26
6,FF-0005,แตงร้าน แพ็ค 500 กรัม,FF,5,แม็คโคร,1,แพ็ค,  22.00 ,1,แพ็ค, ฿ 22.00 ,500,กรัม, ฿ 0.04 ,26/03/26
7,FF-0006,มะนาวไร้เมล็ด,FF,6,ตลาดสด,1,กิโล,  60.00 ,1,กิโล, ฿ 60.00 ,1000,กรัม, ฿ 0.06 ,26/03/26
8,FF-0007,อกไก่บด,FF,7,แม็คโคร,1,กิโล,  85.00 ,1,กิโล, ฿ 85.00 ,1000,กรัม, ฿ 0.09 ,
9,FF-0008,ใบพาร์สเลย์ 100 กรัม (กก.ละ 199/0.2),FF,8,แม็คโคร,1,แพ็ค,  35.00 ,1,แพ็ค, ฿ 35.00 ,100,กรัม, ฿ 0.35 ,
10,FF-0009,หมูบด,FF,9,แม็คโคร,1,กิโล,  119.00 ,1,กิโล, ฿ 119.00 ,1000,กรัม, ฿ 0.12 ,
11,FF-0010,สันในไก่,FF,10,แม็คโคร,1,กิโล,  94.00 ,1,กิโล, ฿ 94.00 ,1000,กรัม, ฿ 0.09 ,
12,FF-0011,เส้นสด ก๋วยเตี๋ยวเส้นใหญ่ 1000 กรัม (ตัดแล้ว),FF,11,แม็คโคร,1,กิโล,  36.00 ,1,กิโล, ฿ 36.00 ,1000,กรัม, ฿ 0.04 ,26/03/26
13,FF-0012,หมูสามชั้นสไลด์,FF,12,แม็คโคร,1,แพ็ค,  240.00 ,1,กิโล, ฿ 240.00 ,1000,กรัม, ฿ 0.24 ,
14,FF-0013,มันฝรั่ง,FF,13,แม็คโคร,1,แพ็ค,  42.00 ,1,กิโล, ฿ 42.00 ,1000,กรัม, ฿ 0.04 ,
15,FF-0014,แอปเปิ้ลเขียว เบอร์ 100 แพ็ค x 10 ลูก,FF,14,แม็คโคร,1,แพ็ค,  159.00 ,10,ลูก, ฿ 15.90 ,10,ลูก, ฿ 1.59 ,
33,FF-0015,มะเขือเทศท้อ แพ็ค 1000 กรัม,FF,15,แม็คโคร,1,แพ็ค,  39.00 ,1,แพ็ค, ฿ 39.00 ,1000,กรัม, ฿ 0.04 ,26/03/26
35,FF-0016,คะน้า 300 กรัม,FF,16,แม็คโคร,1,แพ็ค,  25.00 ,1,แพ็ค, ฿ 25.00 ,300,กรัม, ฿ 0.08 ,
36,FF-0017,เส้นเหลือง,FF,17,ตลาดสด,1,กิโล,  35.00 ,1,กิโล, ฿ 35.00 ,1000,กรัม, ฿ 0.04 ,26/03/26
37,FF-0018,แครอท จีน/เวียดนาม,FF,18,แม็คโคร,1,หัว,  25.00 ,1,หัว, ฿ 25.00 ,1000,กรัม, ฿ 0.03 ,26/03/26
38,FF-0019,ลูกชิ้นปลาเส้นทอดแบบใส่ในก๋วยเตี๋ยว,FF,19,แม็คโคร,1,แพ็ค,  200.00 ,1,แพ็ค, ฿ 200.00 ,500,กรัม, ฿ 0.40 ,
40,FF-0020,ปลาสาก,FF,20,ตลาดสด,1,ตัว,  108.00 ,1,ตัว, ฿ 108.00 ,1000,กรัม, ฿ 0.11 ,
41,FF-0021,เครื่องแกงกะทิ,FF,21,ป้าโต้ย,1,กิโล,  120.00 ,1,กิโล, ฿ 120.00 ,1000,กรัม, ฿ 0.12 ,28/12/25
43,FF-0022,ใบมะกรูด เด็ดก้าน 50 กรัม,FF,22,แม็คโคร,1,แพ็ค,  15.00 ,1,แพ็ค, ฿ 15.00 ,50,กรัม, ฿ 0.30 ,
46,FF-0023,เส้นขนมจีนสด,FF,23,ตลาดสด,1,กิโล,  30.00 ,1,กิโล, ฿ 30.00 ,100,กรัม, ฿ 0.30 ,
50,FF-0024,โตฟุโออิชิ เต้าหู้นิ่มสูตรญี่ปุ่น 300 กรัม,FF,24,แม็คโคร,1,แพ็ค,  20.00 ,1,แพ็ค, ฿ 20.00 ,300,กรัม, ฿ 0.07 ,
51,FF-0025,สะโพกไก่ติดกระดูก (กก.ละ 81/10ชิ้น),FF,25,เบทาโกร,1,ชิ้น,  90.00 ,10,ชิ้น, ฿ 9.00 ,1,ชิ้น, ฿ 9.00 ,2/5/26
52,FF-0026,ผักชีใบเลื่อย,FF,26,ตลาดสด,1,มัด,  12.00 ,1,มัด, ฿ 12.00 ,200,กรัม, ฿ 0.06 ,26/03/26
53,FF-0027,พริกขี้นก,FF,27,ตลาดสด,1,ขีด,  60.00 ,1,ถุง, ฿ 60.00 ,100,กรัม, ฿ 0.60 ,
54,FF-0028,มะนาวไร้เมล็ด,FF,28,ตลาดสด,1,กิโล,  60.00 ,1,กิโล, ฿ 60.00 ,1000,กรัม, ฿ 0.06 ,26/03/26
56,FF-0029,เห็ดนางฟ้า 1000 กรัม,FF,29,แม็คโคร,1,แพ็ค,  100.00 ,1,แพ็ค, ฿ 100.00 ,1000,กรัม, ฿ 0.10 ,
58,FF-0030,น่องไก่ (เน้นสวยๆ ขนาดประมาณ 16 กรัม ชิ้นเท่าๆกัน),FF,30,แม็คโคร,1,ชิ้น,  10.00 ,1,ชิ้น, ฿ 10.00 ,1,ชิ้น, ฿ 10.00 ,
60,FF-0031,กวางตุ้ง แพ็ค 500 กรัม,FF,31,แม็คโคร,1,แพ็ค,  25.00 ,1,แพ็ค, ฿ 25.00 ,500,กรัม, ฿ 0.05 ,26/03/26
63,FF-0032,โครงไก่,FF,32,แม็คโคร,1,โครง,  21.00 ,1,โครง, ฿ 21.00 ,1,โครง, ฿ 21.00 ,
64,FF-0033,ปลากะพงขาวจัมโบ้ (1.5-3 กก.) แล่*,FF,33,แม็คโคร,1,ตัว,  135.00 ,1000,กรัม, ฿ 0.14 ,1,กรัม, ฿ 0.14 ,
65,FF-0034,ขิงแก่ 500 กรัม,FF,34,แม็คโคร,1,แพ็ค,  80.00 ,1,แพ็ค, ฿ 80.00 ,500,กรัม, ฿ 0.16 ,26/03/26
66,FF-0035,หมูสามชั้น (1 แผ่น 5-6 กิโล) กก.ละ,FF,35,เบทาโกร,1,แผ่น,  152.00 ,1,กิโล, ฿ 152.00 ,1000,กรัม, ฿ 0.15 ,31/7/25
68,FF-0036,ข่าแก่,FF,36,ตลาดสด,1,กิโล,  40.00 ,1,กิโล, ฿ 40.00 ,1000,กรัม, ฿ 0.04 ,
69,FF-0037,ขึ้นฉ่าย 300 กรัม,FF,37,แม็คโคร,1,แพ็ค,  49.00 ,1,แพ็ค, ฿ 49.00 ,300,กรัม, ฿ 0.16 ,
74,FF-0038,หอมแขก แพ็ค 1 กิโลกรัม,FF,38,แม็คโคร,1,แพ็ค,  39.00 ,1,แพ็ค, ฿ 39.00 ,1000,กรัม, ฿ 0.04 ,
77,FF-0039,ผักสลัดฟินเลย์,FF,39,ข้างบ้าน,1,กิโล,  120.00 ,1,กิโล, ฿ 120.00 ,1000,กรัม, ฿ 0.12 ,
80,FF-0040,เมจิ นมพาสเจอร์ไรซ์ รสจืด 2000 มล.,FF,40,แม็คโคร,1,แกลลอน,  95.00 ,1,แกลอน, ฿ 95.00 ,2000,กรัม, ฿ 0.05 ,
81,FF-0041,กล้วยหอม,FF,41,ตลาดสด,1,หวี,  90.00 ,13,ลููก, ฿ 6.92 ,1,ลูก, ฿ 6.92 ,26/03/26
84,FF-0042,ใบสะระแหน่,FF,42,แม็คโคร,1,แพ็ค,  19.00 ,1,แพ็ค, ฿ 19.00 ,300,กรัม, ฿ 0.06 ,26/03/26
88,FF-0043,ต้นอ่อนทานตะวัน,FF,43,แม็คโคร,1,แพ็ค,  65.00 ,1,แพ็ค, ฿ 65.00 ,500,กรัม, ฿ 0.13 ,
89,FF-0044,ผักชี 300 กรัม,FF,44,แม็คโคร,1,แพ็ค,  65.00 ,1,แพ็ค, ฿ 65.00 ,150,กรัม, ฿ 0.43 ,26/03/26
92,FF-0045,เห็ดหลินขาว,FF,45,แม็คโคร,1,แพ็ค,  14.00 ,1,แพ็ค, ฿ 14.00 ,150,กรัม, ฿ 0.09 ,
93,FF-0046,เรดโอ๊ค,FF,46,ข้างบ้าน,1,กิโล,  120.00 ,1,กิโล, ฿ 120.00 ,1000,กรัม, ฿ 0.12 ,
94,FF-0047,อัลฟาฟ่า,FF,47,แม็คโคร,1,กล่อง,  85.00 ,50,กรัม, ฿ 1.70 ,1,กรัม, ฿ 1.70 ,
95,FF-0048,กุ้งขาว (25-30 ตัวโล),FF,48,ตลาดสด,1,กิโล,  280.00 ,1,กิโล, ฿ 280.00 ,25,ตัว, ฿ 11.20 ,26/03/26
97,FF-0049,มะเขือเทศเชอร์รี่ 500 กรัม,FF,49,ตลาดสด,1,กล่อง,  80.00 ,1,กล่อง, ฿ 80.00 ,500,กรัม, ฿ 0.16 ,31/3/25
98,FF-0050,แรดิช,FF,50,แม็คโคร,1,กิโล,  85.00 ,1,กิโล, ฿ 85.00 ,1000,กรัม, ฿ 0.09 ,
99,FF-0051,อโวคาโดนำเข้า เบอร์ 48 1 ลูก,FF,51,แม็คโคร,1,ลูก,  39.00 ,1,ลูก, ฿ 39.00 ,1,ลูก, ฿ 39.00 ,
104,FF-0052,ต้นอ่อนทานตะวัน,FF,52,แม็คโคร,1,แพ๊ค,  65.00 ,1,แพ็ค, ฿ 65.00 ,500,กรัม, ฿ 0.13 ,
106,FF-0053,ผักสลัดคอส,FF,53,ข้างบ้าน,1,กิโล,  120.00 ,1,กิโล, ฿ 120.00 ,1000,กรัม, ฿ 0.12 ,
108,FF-0054,ออลลี่ ครีมเปรี้ยว 145 กรัม,FF,54,แม็คโคร,1,กระปุก,  39.00 ,1,กระปุก, ฿ 39.00 ,145,กรัม, ฿ 0.27 ,
109,FF-0055,สันในหมู กก.ละ,FF,55,แม็คโคร,1,กิโล,  152.00 ,1,กิโล, ฿ 152.00 ,1000,กรัม, ฿ 0.15 ,
111,FF-0056,กะปิกุ้งหวานท่าข้าม,FF,56,ตลาดสด,1,กระปุก,  90.00 ,1,กระปุก, ฿ 90.00 ,1000,กรัม, ฿ 0.09 ,
112,FF-0057,กะปิกุ้งเกาะลิบง (กะปิแกง),FF,57,ตลาดสด,1,กระปุก,  60.00 ,1,กระปุก, ฿ 60.00 ,1000,กรัม, ฿ 0.06 ,26/03/26
115,FF-0058,โหระพา (300 กรัม),FF,58,แม็คโคร,1,แพ็ค,  35.00 ,1,แพ็ค, ฿ 35.00 ,300,กรัม, ฿ 0.12 ,26/03/26
121,FF-0059,มันหมู,FF,59,ตลาดสด,1,กิโล,  65.00 ,1,กิโล, ฿ 65.00 ,1000,กรัม, ฿ 0.07 ,
126,FF-0060,หัวไหล่หมูบด กก.ละ,FF,60,แม็คโคร,1,กิโล,  119.00 ,1,กิโล, ฿ 119.00 ,1000,กรัม, ฿ 0.12 ,
127,FF-0061,เบียร์ ช้างคลาสสิค 620 มล.,FF,61,โลตัส,1,ขวด,  53.00 ,1,ขวด, ฿ 53.00 ,620,กรัม, ฿ 0.09 ,
131,FF-0062,พริกจินดาแดง (300 กรัม),FF,62,แม็คโคร,1,แพ็ค,  12.00 ,1,แพ็ค, ฿ 12.00 ,1000,กรัม, ฿ 0.01 ,26/03/26
135,FF-0063,เบียร์ ช้างคลาสสิค 620 มล.,FF,63,โลตัส,1,ขวด,- 33.00 ,1,ขวด,-฿ 33.00 ,1380,กรัม,-฿ 0.02 ,
133,FF-0064,ใบเตย,FF,64,ตลาดสด,1,มัด,  10.00 ,1,มัด, ฿ 10.00 ,100,กรัม, ฿ 0.10 ,
134,FF-0065,ไข่เป็ด,FF,65,ตลาดสด,1,ฟอง,  6.00 ,1,ฟอง, ฿ 6.00 ,1,ฟอง, ฿ 6.00 ,26/03/26
135,FF-0066,ผักสลัดแก้ว,FF,66,แม็คโคร,1,หัว,  89.00 ,1,หัว, ฿ 89.00 ,1000,กรัม, ฿ 0.09 ,
140,FF-0067,มะม่วงสุก,FF,67,แม็คโคร,1,กิโล,  59.00 ,1,กิโล, ฿ 59.00 ,1000,กรัม, ฿ 0.06 ,
141,FF-0068,เห็ดนางรมหลวง 200 กรัม,FF,68,แม็คโคร,1,แพ็ค,  29.00 ,1,แพ็ค, ฿ 29.00 ,200,กรัม, ฿ 0.15 ,
144,FF-0069,เลมอน มะนาวเหลือง #100 ลูกละ 12 บาท,FF,69,แม็คโคร,1,ลูก,  12.00 ,1,ลูก, ฿ 12.00 ,100,กรัม, ฿ 0.12 ,
148,FF-0070,ปีกไก่บน 2 กิโล ฟรีส,FF,70,เบทาโกร,1,แพ็ค,  84.00 ,1,แพ็ค, ฿ 84.00 ,2000,กรัม, ฿ 0.04 ,28/12/25
154,FF-0071,หัวไชเท้า,FF,71,แม็คโคร,1,หัว,  39.00 ,1,หัว, ฿ 39.00 ,1000,กรัม, ฿ 0.04 ,
163,FF-0072,กระดูกอ่อนหมู,FF,72,เบทาโกร,1,กิโล,  149.00 ,1,กิโล, ฿ 149.00 ,1000,กรัม, ฿ 0.15 ,2/5/26
,FF-0073,เครื่องแกงคั่ว,FF,73,ป้าโต้ย,1,กิโล,  120.00 ,1,กิโล, ฿ 120.00 ,1000,กรัม, ฿ 0.12 ,28/12/25
166,FF-0074,พริกไทยอ่อน (กก.ละ 329) แพ็ค 200 กรัม,FF,74,แม็คโคร,1,แพ็ค,  79.00 ,1,แพ็ค, ฿ 79.00 ,200,กรัม, ฿ 0.40 ,26/03/26
167,FF-0075,พริกชี้ฟ้าแดง แพ็ค 100 กรัม,FF,75,แม็คโคร,1,แพ็ค,  19.00 ,1,แพ็ค, ฿ 19.00 ,100,กรัม, ฿ 0.19 ,
168,FF-0076,ฟาร์มเฮ้าส์ ขนมปัง รอยัลเบรด 275 กรัม,FF,76,แม็คโคร,1,แพ็ค,  33.00 ,1,แพ็ค, ฿ 33.00 ,1,แผ่น, ฿ 33.00 ,
173,FF-0077,สตรอว์เบอร์รีนำเข้า แพ็ค 250 กรัม,FF,77,แม็คโคร,1,กล่อง,  159.00 ,1,กล่อง, ฿ 159.00 ,9,ลูก, ฿ 17.67 ,
175,FF-0078,ซาลาเปาไส้หมูสับ,FF,78,โกเปร่ง,1,ลูก,  15.00 ,1,ลูก, ฿ 15.00 ,1,ลูก, ฿ 15.00 ,
177,FF-0079,ปลาเค็มแอนโชวี่ในน้ำมันมะกอก 50 กรัม,FF,79,น้าอ้อย,1,กล่อง,  100.00 ,1,กล่อง, ฿ 100.00 ,50,ลูก, ฿ 2.00 ,
,FF-0080,ส้มเจื้อง,FF,80,ตลาดสด,1,กิโล,  45.00 ,1,กิโล, ฿ 45.00 ,1000,กรัม, ฿ 0.05 ,28/3/25
178,FF-0081,สะโพกหมูบด กก.ละ (ST),FF,81,แม็คโคร,1,กิโล,  122.00 ,1,กิโล, ฿ 122.00 ,1000,กรัม, ฿ 0.12 ,
187,FF-0082,ส้มวาเลนเซีย,FF,82,แม็คโคร,1,ลูก,  20.00 ,1,ลูก, ฿ 20.00 ,1,กรัม, ฿ 20.00 ,
189,FF-0083,บลูเบอร์รี่จัมโบ้ แพ็ค 125 กรัม,FF,83,แม็คโคร,1,กล่อง,  79.00 ,1,กล่อง, ฿ 79.00 ,125,กรัม, ฿ 0.63 ,
190,FF-0084,กีวี่,FF,84,แม็คโคร,1,ลูก,  19.00 ,1,ลูก, ฿ 19.00 ,1,ลูก, ฿ 19.00 ,
193,FF-0085,ตะไคร้  500 กรัม,FF,85,แม็คโคร,1,กิโล,  45.00 ,1,แพ็ค, ฿ 45.00 ,500,กรัม, ฿ 0.09 ,
194,FF-0086,อัลฟาลฟ่า 50 กรัม,FF,86,แม็คโคร,1,กล่อง,  49.00 ,1,กล่อง, ฿ 49.00 ,50,กรัม, ฿ 0.98 ,
197,FF-0087,แตงไข่เข้,FF,87,ตลาดสด,1,ถุง,  20.00 ,1,ถุง, ฿ 20.00 ,500,กรัม, ฿ 0.04 ,
198,FF-0088,มะเขือตุ้งติ้ง 200 กรัม,FF,88,ตลาดสด,1,ถุง,  20.00 ,1,ถุง, ฿ 20.00 ,200,กรัม, ฿ 0.10 ,31/3/25
199,FF-0089,ผักน้ำ,FF,89,ตลาดสด,1,ถุง,  20.00 ,1,ถุง, ฿ 20.00 ,200,ถุง, ฿ 0.10 ,
204,FF-0090,แคนตาลูป (ลูกใหญ่),FF,90,แม็คโคร,1,ลูก,  90.00 ,1,ลูก, ฿ 90.00 ,3000,กรัม, ฿ 0.03 ,
205,FF-0091,มะละกอ สุกไม่มาก,FF,91,ตลาดสด,1,ลูก,  21.00 ,1,ลูก, ฿ 21.00 ,1,ลูก, ฿ 21.00 ,
209,FF-0092,แตงโม (ลูกประมาณ 3-5 กิโล),FF,92,ตลาดสด,1,ลูก,  100.00 ,1,ลูก, ฿ 100.00 ,5000,กรัม, ฿ 0.02 ,
214,FF-0093,กะหล่ำม่วง,FF,93,แม็คโคร,1,หัว,  49.00 ,1,หัว, ฿ 49.00 ,700,กรัม, ฿ 0.07 ,
219,FF-0094,กรีนโอ๊ค,FF,94,ข้างบ้าน,1,กิโล,  120.00 ,1,กิโล, ฿ 120.00 ,1000,กรัม, ฿ 0.12 ,
222,FF-0095,ส้มโอ,FF,95,ตลาดสด,1,ลูก,  60.00 ,1,ลูก, ฿ 60.00 ,1500,กรัม, ฿ 0.04 ,26/03/26
223,FF-0096,กุยช่าย,FF,96,ตลาดสด,1,มัด,  10.00 ,1,มัด, ฿ 10.00 ,1,มัด, ฿ 10.00 ,
235,FF-0097,เบสท์ฟู้ดส์ น้ำสลัดเทาซันไอแลนด์ 1 กิโลกรัม,FF,97,แม็คโคร,1,ถุง,  135.00 ,1,ถุง, ฿ 135.00 ,1000,กรัม, ฿ 0.14 ,26/03/26
244,FF-0098,ฝอยทอง เพชรบุรี 1 กิโล,FF,98,SK SUPPLY,1,กล่อง,  180.00 ,1,กล่อง, ฿ 180.00 ,1000,กรัม, ฿ 0.18 ,
245,FF-0099,ใบสะระแหน่,FF,99,ข้างเริน,1,กล่อง,  30.00 ,1,กล่อง, ฿ 30.00 ,50,ชิ้น, ฿ 0.60 ,
252,FF-0100,พริกเดือยไก่,FF,100,ตลาดสด,1,ขีด,  25.00 ,1,ถุง, ฿ 25.00 ,100,กรัม, ฿ 0.25 ,26/03/26
253,FF-0101,ถั่วฝักยาว,FF,101,ตลาดสด,1,กิโล,  72.00 ,1,มัด, ฿ 72.00 ,100,กรัม, ฿ 0.72 ,26/03/26
261,FF-0102,ฟักทอง,FF,102,แม็คโคร,1,ลูก,  50.00 ,1,ลูก, ฿ 50.00 ,1000,กรัม, ฿ 0.05 ,31/3/25
265,FF-0103,แก้วมังกร,FF,103,ตลาดสด,1,ลูก,  69.00 ,1,ลูก, ฿ 69.00 ,100,กรัม, ฿ 0.69 ,26/03/26
267,FF-0104,กะหล่ำดอก,FF,104,แม็คโคร,1,หัว,  30.00 ,1,หัว, ฿ 30.00 ,500,กรัม, ฿ 0.06 ,
269,FF-0105,บล็อคโคลี่ นอก (กก.ละ165),FF,105,แม็คโคร,1,หัว,  60.00 ,1,หัว, ฿ 60.00 ,500,กรัม, ฿ 0.12 ,26/03/26
272,FF-0106,แม็กกาแรต เจลาติน,FF,106,แม็คโคร,1,ถุง,  80.00 ,1,ถุง, ฿ 80.00 ,100,กรัม, ฿ 0.80 ,
275,FF-0107,ส้มโอ (ประมาณ 1 กิโล),FF,107,แม็คโคร,1,ลูก,  60.00 ,1,ลูก, ฿ 60.00 ,1000,กรัม, ฿ 0.06 ,
276,FF-0108,ทับทิม,FF,108,ตลาดสด,1,ลูก,  99.00 ,1,ลูก, ฿ 99.00 ,300,กรัม, ฿ 0.33 ,
277,FF-0109,สับปะรด,FF,109,ตลาดสด,1,ลูก,  25.00 ,1,ลูก, ฿ 25.00 ,1,ลูก, ฿ 25.00 ,
278,FF-0110,ขมิ้น,FF,110,ตลาดสด,1,กิโล,  50.00 ,1,กิโล, ฿ 50.00 ,1000,กรัม, ฿ 0.05 ,
279,FF-0111,กระเทียมไทย 500 กรัม,FF,111,แม็คโคร,1,แพ็ค,  85.00 ,1,แพ็ค, ฿ 85.00 ,500,กรัม, ฿ 0.17 ,
280,FF-0112,พริกขี้หนูสวน 100 กรัม,FF,112,แม็คโคร,1,ถุง,  15.00 ,1,ถุง, ฿ 15.00 ,100,กรัม, ฿ 0.15 ,
282,FF-0113,ปีกไก่เต็ม (10 ชิ้น/กิโล),FF,113,แม็คโคร,1,ชิ้น,  80.00 ,1,กิโล, ฿ 80.00 ,10,ชิ้น, ฿ 8.00 ,
283,FF-0114,ผักหวานบ้าน,FF,114,ตลาดสด,1,มัด,  25.00 ,1,มัด, ฿ 25.00 ,100,กรัม, ฿ 0.25 ,26/03/26
284,FF-0115,ผักเหลียง,FF,115,ตลาดสด,1,กิโล,  100.00 ,1,กิโล, ฿ 100.00 ,1000,กรัม, ฿ 0.10 ,26/03/26
285,FF-0116,พริกหวานสีแดง,FF,116,แม็คโคร,1,ลูก,  26.33 ,1,ลูก, ฿ 26.33 ,100,กรัม, ฿ 0.26 ,26/03/26
286,FF-0117,พริกหวานสีเหลือง,FF,117,แม็คโคร,1,ลูก,  26.33 ,1,ลูก, ฿ 26.33 ,100,กรัม, ฿ 0.26 ,26/03/26
287,FF-0118,พริกหวานเขียว,FF,118,แม็คโคร,1,ลูก,  26.33 ,1,ลูก, ฿ 26.33 ,100,กรัม, ฿ 0.26 ,26/03/26
293,FF-0119,มะม่วงดิบเปรี้ยว,FF,119,ตลาดสด,1,ลูก,  22.00 ,1,ลูก, ฿ 22.00 ,200,กรัม, ฿ 0.11 ,26/03/26
295,FF-0120,ปีกไก่กลาง 2 กิโล ฟรีส,FF,120,เบทาโกร,1,แพ็ค,  234.00 ,2,กิโล, ฿ 117.00 ,2000,กรัม, ฿ 0.06 ,
296,FF-0121,องุ่นแดงไร้เมล็ด,FF,121,ตลาดสด,1,กิโล,  160.00 ,1,กิโล, ฿ 160.00 ,1000,กรัม, ฿ 0.16 ,
299,FF-0122,ต้นคูน (ออดิบ),FF,122,ตลาดสด,1,กิโล,  25.00 ,1,กิโล, ฿ 25.00 ,1000,กรัม, ฿ 0.03 ,
301,FF-0123,ยอดมะพร้าว,FF,123,ตลาดสด,1,กิโล,  65.00 ,1,กิโล, ฿ 65.00 ,1000,กรัม, ฿ 0.07 ,
302,FF-0124,ซี่โครงหมู,FF,124,ตลาดสด,1,กิโล,  220.00 ,1,กิโล, ฿ 220.00 ,1000,กรัม, ฿ 0.22 ,
307,FF-0125,ตราเกษตร เต้าหู้ไข่ไก่ 105 กรัม x 5 หลอด,FF,125,แม็คโคร,1,แพ็ค,  50.00 ,1,แพ็ค, ฿ 50.00 ,525,กรัม, ฿ 0.10 ,
311,FF-0126,ผักชีลาว 100 กรัม,FF,126,แม็คโคร,1,แพ็ค,  15.00 ,1,แพ็ค, ฿ 15.00 ,100,กรัม, ฿ 0.15 ,
314,FF-0127,กุ้งแชบ๊วย (25-30 ตัวโล),FF,127,ตลาดสด,1,กก,  260.00 ,30,ตัว, ฿ 8.67 ,1,ตัว, ฿ 8.67 ,
315,FF-0128,ถั่วงอก 10 บาท,FF,128,ตลาดสด,1,ถุง,  10.00 ,1,ถุง, ฿ 10.00 ,100,กรัม, ฿ 0.10 ,31/3/25
317,FF-0129,ใบชะพลู,FF,129,ตลาดสด,1,มัด,  12.00 ,1,มัด, ฿ 12.00 ,100,กรัม, ฿ 0.12 ,31/3/25
318,FF-0130,ผักกูด,FF,130,ตลาดสด,1,มัด,  10.00 ,1,มัด, ฿ 10.00 ,100,กรัม, ฿ 0.10 ,
322,FF-0131,ระกำ,FF,131,ตลาดสด,1,ลูก,  5.00 ,1,ลูก, ฿ 5.00 ,1,ลูก, ฿ 5.00 ,
323,FF-0132,มะอึก,FF,132,ตลาดสด,1,ถุง,  20.00 ,1,ถุง, ฿ 20.00 ,100,กรัม, ฿ 0.20 ,
324,FF-0133,ใบกะเพรา,FF,133,ตลาดสด,1,มัด,  12.00 ,1,มัด, ฿ 12.00 ,100,กรัม, ฿ 0.12 ,26/03/26
327,FF-0134,หอมแดงไทย มัดจุก 1 กิโลกรัม,FF,134,แม็คโคร,1,กิโล,  85.00 ,1,กิโล, ฿ 85.00 ,1000,กรัม, ฿ 0.09 ,
328,FF-0135,ข้าวหมาก,FF,135,ตลาดสด,1,ถุง,  10.00 ,1,ถุง, ฿ 10.00 ,1,ถุง, ฿ 10.00 ,
329,FF-0136,ปลาทู (1 กิโล 5 ตัว),FF,136,ตลาดสด,1,กิโล,  60.00 ,1,กิโล, ฿ 60.00 ,5,ตัว, ฿ 12.00 ,
330,FF-0137,หัวปลี,FF,137,ตลาดสด,1,หัว,  20.00 ,1,หัว, ฿ 20.00 ,1,หัว, ฿ 20.00 ,
338,FF-0138,องุ่นแดงนอกจีน,FF,138,แม็คโคร,1,กิโล,  69.00 ,1,กิโล, ฿ 69.00 ,1000,กรัม, ฿ 0.07 ,
344,FF-0139,พริกชี้ฟ้าเขียว,FF,139,ตลาดสด,1,กิโล,  70.00 ,1,กิโล, ฿ 70.00 ,1000,กรัม, ฿ 0.07 ,
345,FF-0140,พริกจินดาเขียว,FF,140,ตลาดสด,1,กิโล,  85.00 ,1,กิโล, ฿ 85.00 ,1000,กรัม, ฿ 0.09 ,
347,FF-0141,ผักกาดขาวปลี กก.ละ,FF,141,แม็คโคร,1,หัว,  35.00 ,1,หัว, ฿ 35.00 ,1000,กรัม, ฿ 0.04 ,26/03/26
350,FF-0142,เนื้อมะพร้าวอ่อน,FF,142,ตลาดสด,1,กิโล,  130.00 ,1,กิโล, ฿ 130.00 ,1000,กรัม, ฿ 0.13 ,
351,FF-0143,ขนุน สด,FF,143,ตลาดสด,1,กิโล,  80.00 ,1,กิโล, ฿ 80.00 ,1000,กรัม, ฿ 0.08 ,
352,FF-0144,รวมมิตร,FF,144,ตลาดสด,1,กิโล,  24.00 ,1,กิโล, ฿ 24.00 ,1000,กรัม, ฿ 0.02 ,
355,FF-0145,แอปเปิ้ลแดง,FF,145,แม็คโคร,1,แพ็ค,  145.00 ,10,ลูก, ฿ 14.50 ,10,ลูก, ฿ 1.45 ,26/03/26
356,FF-0146,ยอดมะม่วงหิมพานต์,FF,146,ตลาดสด,1,มัด,  10.00 ,1,มัด, ฿ 10.00 ,1,มัด, ฿ 10.00 ,
359,FF-0147,อกไก่,FF,147,แม็คโคร,1,กิโล,  95.00 ,1,กิโล, ฿ 95.00 ,1000,กรัม, ฿ 0.10 ,
360,FF-0148,เห็ดนางฟ้า 1000 กรัม,FF,148,ตลาดสด,1,ถุง,  50.00 ,1,ถุง, ฿ 50.00 ,1000,กรัม, ฿ 0.05 ,
362,FF-0149,สันในหมู,FF,149,แม็คโคร,1,กิโล,  144.00 ,1,กิโล, ฿ 144.00 ,1000,กรัม, ฿ 0.14 ,
364,FF-0150,ดอกบัว,FF,150,ตลาดสด,1,ก้าน,  20.00 ,1,ก้าน, ฿ 20.00 ,1,ก้าน, ฿ 20.00 ,
368,FF-0151,ผักเหนาะพื้นบ้าน,FF,151,ตลาดสด,1,มัด,  10.00 ,1,มัด, ฿ 10.00 ,1,มัด, ฿ 10.00 ,
369,FF-0152,ปลาหมึก,FF,152,ตลาดสด,1,กิโล,  240.00 ,1,กิโล, ฿ 240.00 ,1000,กรัม, ฿ 0.24 ,26/03/26
371,FF-0153,มันขี้หนู 200 กรัม/ถุง,FF,153,ตลาดสด,1,ถุง,  20.00 ,1,ถุง, ฿ 20.00 ,200,กรัม, ฿ 0.10 ,
372,FF-0154,มะเขือยาว,FF,154,ตลาดสด,1,ลูก,  15.75 ,1,ลูก, ฿ 15.75 ,1,ลูก, ฿ 15.75 ,31/3/25
373,FF-0155,มะเขือพวง 200 กรัม/ถุง,FF,155,ตลาดสด,1,ถุง,  30.00 ,1,ถุง, ฿ 30.00 ,200,กรัม, ฿ 0.15 ,31/3/25
374,FF-0156,อลาวรี โพรเซสเชดด้าชีส 500 กรัม x 24 แผ่น,FF,156,แม็คโคร,1,แพ็ค,  249.00 ,1,แพ็ค, ฿ 249.00 ,24,แผ่น, ฿ 10.38 ,
376,FF-0157,เห็ดเข็มทอง 500 กรัม,FF,157,แม็คโคร,1,แพ็ค,  22.00 ,1,แพ็ค, ฿ 22.00 ,500,กรัม, ฿ 0.04 ,
382,FF-0158,เอโร่ แฮมหมู 1000 กรัม,FF,158,แม็คโคร,1,แพ็ค,  320.00 ,1,แพ็ค, ฿ 320.00 ,1000,กรัม, ฿ 0.32 ,
383,FF-0159,น้ำมะนาวสด,FF,159,ตลาดสด,1,ขวด,  70.00 ,1,ขวด, ฿ 70.00 ,1000,มิลลิกรัม, ฿ 0.07 ,
385,FF-0160,ถั่วลันเตาเล็กจีน 500 กรัม,FF,160,แม็คโคร,1,แพ็ค,  68.00 ,1,แพ็ค, ฿ 68.00 ,500,กรัม, ฿ 0.14 ,
386,FF-0161,โรซ่า ซอสมะเขือเทศ 10 กรัม x 100 ซอง,FF,161,แม็คโคร,1,แพ็ค,  85.00 ,1,แพ็ค, ฿ 85.00 ,100,ซอง, ฿ 0.85 ,
387,FF-0162,กระเทียมปอกเปลือก,FF,162,ตลาดสด,1,กิโล,  110.00 ,1,กิโล, ฿ 110.00 ,1000,กรัม, ฿ 0.11 ,
388,FF-0163,เซพแพ็ค น้ำจิ้มลูกชิ้น 900 กรัม,FF,163,แม็คโคร,1,ถุง,  27.00 ,1,ถุง, ฿ 27.00 ,900,กรัม, ฿ 0.03 ,
389,FF-0164,มะละกอ กึ่งสุกกึ่งดิบ,FF,164,ตลาดสด,1,ลูก,  75.00 ,1,ลูก, ฿ 75.00 ,1,ลูก, ฿ 75.00 ,
390,FF-0165,เฉาก๊วยดอนเมือง ชนิดก้อน 1000 กรัม,FF,165,แม็คโคร,1,แพ็ค,  35.00 ,1,แพ็ค, ฿ 35.00 ,1000,กรัม, ฿ 0.04 ,
391,FF-0166,ฝรั่ง,FF,166,ตลาดสด,1,กิโล,  50.00 ,1,กิโล, ฿ 50.00 ,1000,กรัม, ฿ 0.05 ,26/03/26
392,FF-0167,เส้นใหญ่ไม่ตัด (ก๋วยเตี่ยวลุยสวน),FF,167,ตลาดสด,1,กิโล,  50.00 ,1,กิโล, ฿ 50.00 ,1000,กรัม, ฿ 0.05 ,
393,FF-0168,Red Coral,FF,168,สวนกู๊ดกรีน,1,กิโล,  120.00 ,1,กิโล, ฿ 120.00 ,1000,กรัม, ฿ 0.12 ,
394,FF-0169,ส้มโอทับทิมสยาม ปากพนัง,FF,169,ตลาดสด,1,ลูก,  100.00 ,1,ลูก, ฿ 100.00 ,1,ลูก, ฿ 100.00 ,
395,FF-0170,มะพร้าวแก่,FF,170,ตลาดสด,1,ลูก,  30.00 ,1,ลูก, ฿ 30.00 ,1,ลูก, ฿ 30.00 ,
396,FF-0171,กุ้งลายเสือ,FF,171,ตลาดสด,1,กิโล,  650.00 ,1,กิโล, ฿ 650.00 ,10,ตัว, ฿ 65.00 ,
397,FF-0172,ปลาหมึกไข่,FF,172,ตลาดสด,1,กิโล,  260.00 ,1,กิโล, ฿ 260.00 ,1000,ตัว, ฿ 0.26 ,
398,FF-0173,บลูไดมอนด์อัลมอนด์บรีซน้ำนมอัลมอนด์รสออริจินอล,FF,173,Tops,1,กล่อง,  109.00 ,1,กล่อง, ฿ 109.00 ,946,กรัม, ฿ 0.12 ,
399,FF-0174,ไวตามิ้ลค์ น้ำนมถั่วเหลือง ยูเอชที สูตรเจ 250 มล.,FF,174,แม็คโคร,1,แพ็ค,  263.00 ,1,แพ็ค, ฿ 263.00 ,36,กล่อง, ฿ 7.31 ,
400,FF-0175,137ดีกรีน้ำนมอัลมอนด์สูตรดั้งเดิม 1000มล.,FF,175,Tops,1,กล่อง,  135.00 ,1,กล่อง, ฿ 135.00 ,1000,กรัม, ฿ 0.14 ,
401,FF-0176,กะหล่ำปลี,FF,176,แม็คโคร,1,หัว,  30.00 ,1,หัว, ฿ 30.00 ,1000,กรัม, ฿ 0.03 ,26/03/26
402,FF-0177,หน่อไม้สด (ไผ่หวานซอยเส้น),FF,177,ตลาดสด,1,กิโล,  50.00 ,1,กิโล, ฿ 50.00 ,1000,กรัม, ฿ 0.05 ,
403,FF-0178,วาซาบิ ตรา MY Choice,FF,178,Tops,1,กล่อง,  66.00 ,1,กล่อง, ฿ 66.00 ,43,กรัม, ฿ 1.53 ,
404,FF-0179,บวบเหลี่ยม,FF,179,ตลาดสด,1,กิโล,  30.00 ,1,กิโล, ฿ 30.00 ,1000,กรัม, ฿ 0.03 ,
405,FF-0180,ใบยี่หร่า,FF,180,ตลาดสด,1,มัด,  12.00 ,1,มัด, ฿ 12.00 ,100,กรัม, ฿ 0.12 ,
406,FF-0181,เผือกหอม,FF,181,ตลาดสด,1,กิโล,  80.00 ,1,กิโล, ฿ 80.00 ,1000,กรัม, ฿ 0.08 ,26/03/26
407,FF-0182,กระชายหัว,FF,182,แม็คโคร,1,กิโล,  40.00 ,1,กิโล, ฿ 40.00 ,1000,กรัม, ฿ 0.04 ,
408,FF-0183,สะตอ,FF,183,ตลาดสด,1,มัด,  60.00 ,120,กรัม, ฿ 0.50 ,120,กรัม, ฿ 0.00 ,24/3/25
409,FF-0184,ไข่นกกระทา ปอกเปลือกแล้ว 500 กรัม,FF,184,สลักศิลป์,1,ถุง,  120.00 ,1,ถุุง, ฿ 120.00 ,500,กรัม, ฿ 0.24 ,
410,FF-0185,มะเขือเปราะ,FF,185,ตลาดสด,1,ถุง,  20.00 ,1,ถุง, ฿ 20.00 ,200,กรัม, ฿ 0.10 ,
411,FF-0186,เอเอฟเอ็ม เต้าหู้ปลา สูตรเยาวราช 500 ก.,FF,186,แม็คโคร,1,ถุง,  55.00 ,1,ถุง, ฿ 55.00 ,500,กรัม, ฿ 0.11 ,
412,FF-0187,ลูกชิ้นสาหร่ายวากาเมะ 500 กรัม,FF,187,แม็คโคร,1,ถุง,  139.00 ,1,ถุง, ฿ 139.00 ,1,ถุง, ฿ 139.00 ,
413,FF-0188,ไก่สด (ทั้งตัว),FF,188,ตลาดสด,1,ตัว,  150.00 ,1,ตัว, ฿ 150.00 ,1,ตัว, ฿ 150.00 ,
414,FF-0189,ซาลาเปาไส้สังขยา,FF,189,โกเปร่ง,1,ลูก,  15.00 ,1,ลูก, ฿ 15.00 ,1,ลูก, ฿ 15.00 ,
415,FF-0190,ผักกาดหอม,FF,190,ตลาดสด,1,กิโล,  120.00 ,1,กิโล, ฿ 120.00 ,1000,กรัม, ฿ 0.12 ,
416,FF-0191,ยูเอฟซี ลำไยในน้ำเชื่อม 565 ก.,FF,191,Big C,1,กระป๋อง,  105.00 ,1,กระป๋อง, ฿ 105.00 ,565,กรัม, ฿ 0.19 ,
417,FF-0192,ปูม้า,FF,192,ตลาดสด,1,กิโล,  350.00 ,1,กิโล, ฿ 350.00 ,6,ตัว, ฿ 58.33 ,
418,FF-0193,มะนาวสดแท้ 100 %,FF,193,ตลาดสด,1,ขวด,  100.00 ,1000,มล., ฿ 0.10 ,1,มล., ฿ 0.10 ,
419,FF-0194,เห็ดหลินขาว 1000 กรัม,FF,194,Makro,1,แพ็ค,  77.00 ,1000,กรัม, ฿ 0.08 ,1,กรัม, ฿ 0.08 ,
420,FF-0195,ถั่วงอกธรรมดา แพ็ค 1 กก.,FF,195,Makro,1,แพ็ค,  19.00 ,1000,กรัม, ฿ 0.02 ,1,กรัม, ฿ 0.02 ,
421,FF-0196,มะเขือม่วง,FF,196,ตลาดสด,1,กิโล,  40.00 ,1000,กรัม, ฿ 0.04 ,1,กรัม, ฿ 0.04 ,
422,FF-0197,พริกชี้ฟ้าเขียว 100 กรัม,FF,197,Makro,1,แพ็ค,  25.00 ,100,กรัม, ฿ 0.25 ,1,กรัม, ฿ 0.25 ,
423,FF-0198,หมึกกล้วยหั่นวงแช่แข็ง คละขนาด 1 กิโลกรัม,FF,198,Makro,1,แพ็ค,  139.00 ,1000,กรัม, ฿ 0.14 ,1,กรัม, ฿ 0.14 ,
424,FF-0199,กุ้งเเม่น้ำ,FF,199,ตลาดสด,1,ตัว,  210.00 ,1,ตัว, ฿ 210.00 ,1,ตัว, ฿ 210.00 ,
425,FF-0200,ข่าอ่อน,FF,200,ตลาดสด,1,กิโล,  100.00 ,1000,กรัม, ฿ 0.10 ,1,กรัม, ฿ 0.10 ,
426,FF-0201,ยอดมะขามอ่อน,FF,201,ตลาดสด,1,ขีด,  10.00 ,100,กรัม, ฿ 0.10 ,1,กรัม, ฿ 0.10 ,
427,FF-0202,มะขามอ่อน,FF,202,ตลาดสด,1,ขีด,  15.00 ,100,กรัม, ฿ 0.15 ,1,กรัม, ฿ 0.15 ,
428,FF-0203,กุ้งฝอยขาว,FF,203,ตลาดสด,1,ขีด,  25.00 ,100,กรัม, ฿ 0.25 ,1,กรัม, ฿ 0.25 ,31/3/25
429,FF-0204,ปูนขาว,FF,204,ตลาดสด,1,ขีด,  10.00 ,100,กรัม, ฿ 0.10 ,1,กรัม, ฿ 0.10 ,
430,FF-0205,มะเขือเทศเชอร์รี่ 250 กรัม,FF,205,จริงใจ,1,กล่อง,  49.00 ,1,กล่อง, ฿ 49.00 ,250,กรัม, ฿ 0.20 ,
176,FF-0206,สาคูต้นพัทลุง ,FF,206,พัทลุง,1,กล่อง,  68.00 ,1,ถูง, ฿ 68.00 ,500,กรััม, ฿ 0.14 ,ถูงละ 60 บาท ค่าส่ง 80 บาท
177,FF-0207,น้ำกระเทียมดอง 1 ลิตร,FF,207,ตลาดสด,1,ขวด,  15.00 ,1,ขวด, ฿ 15.00 ,1000,กรัม, ฿ 0.02 ,
178,FF-0208,แตงโม เกาะสุกร,FF,208,เกาะสุกร,1,ลููก,  100.00 ,1,ลูก, ฿ 100.00 ,3000,กรัม, ฿ 0.03 ,
179,FF-0209,ดอกอัญชัน (แห้ง) 50 ก.,FF,209,แม็คโคร,1,ถุง,  35.00 ,1,ถุง, ฿ 35.00 ,50,กรัม, ฿ 0.70 ,
180,FF-0210,เห็ดฟาง,FF,210,ตลาดสด,1,กิโล,  130.00 ,1,กิโล, ฿ 130.00 ,1000,กรัม, ฿ 0.13 ,31/3/25
181,FF-0211,มันฝรั่งนอก 1 กก.,FF,211,แม็คโคร,1,กิโล,  35.00 ,1,กิโล, ฿ 35.00 ,1000,กรัม, ฿ 0.04 ,
182,FF-0212,ดัชชี่ โยเกิร์ต รสออริจินัล 2 ล.,FF,212,Makro,1,ลอน,  132.00 ,1,ลอน, ฿ 132.00 ,2000,กรัม, ฿ 0.07 ,
183,FF-0213,แผ่นเกี๊ยว ตราบะหมี่กอบชัย 500 กรัม,FF,213,ตลาดสด,1,ห่อ,  30.00 ,1,ห่อ, ฿ 30.00 ,500,กรัม, ฿ 0.06 ,
184,FF-0214,หมูสามชั้น (1 แผ่น 5-6 กิโล) กก.ละ *หมูกรอบ,FF,214,Peat,1,แผ่น,  175.00 ,1,แผ่น, ฿ 175.00 ,1000,กรัม, ฿ 0.18 ,
185,FF-0215,กระดูกอ่อนหมู,FF,215,Peat,1,กิโล,  170.00 ,1,กิโล, ฿ 170.00 ,1000,กรัม, ฿ 0.17 ,
186,FF-0216,ซอสแดง ซอสเย็นตราโฟ ซอสผัดหมี่สีชมพู  ตรา เค.เอ็ม.พี 850 มล.,FF,216,ตลาดสด,1,ขวด,  37.00 ,1,ขวด, ฿ 37.00 ,850,กรัม, ฿ 0.04 ,
187,FF-0217,มะม่วง 3 รส,FF,217,ตลาดสด,1,กิโล,  60.00 ,1,กิโล, ฿ 60.00 ,3,ลูก, ฿ 20.00 ,26/03/26
188,FF-0218,ใบแมงลัก,FF,218,ตลาดสด,1,มัด,  12.00 ,1,มัด, ฿ 12.00 ,100,กรัม, ฿ 0.12 ,
189,FF-0219,เลย์ มันฝรั่งแท้ทอดกรอบ รสเกลือ 11 ก. x 12,FF,219,Makro,1,แพ็ค,  49.00 ,1,แพ็ค, ฿ 49.00 ,12,ถุุง, ฿ 4.08 ,
190,FF-0220,คาสเทลโล บรี ชีส 125 ก.,FF,220,Makro,1,กล่อง,  185.00 ,1,กล่อง, ฿ 185.00 ,1,กล่อง, ฿ 185.00 ,
191,FF-0221,เอโร่ เกาด้าสไลซ์ 180 ก.,FF,221,Makro,1,กล่อง,  155.00 ,1,กล่อง, ฿ 155.00 ,1,กล่อง, ฿ 155.00 ,
192,FF-0222,ถั่วลิสง,FF,222,แม็คโคร,1,ถูง,  50.00 ,500,กรัม, ฿ 0.10 ,1,กรัม, ฿ 0.10 ,
193,FF-0223,เต้าหู้แข็ง,FF,223,ตลาดสด,1,ชิ้ิ้น,  10.00 ,100,กรัม, ฿ 0.10 ,1,กรัม, ฿ 0.10 ,
194,FF-0224,กุ้งแห้ง,FF,224,ตลาดสด,1,ถูง,  60.00 ,100,กรัม, ฿ 0.60 ,1,กรัม, ฿ 0.60 ,
16,FZ-0001,ออร์คิด เนยเพียวบัตเตอร์ ชนิดจืด 2 กิโลกรัม,FZ,1,แม็คโคร,1,กล่อง,  798.00 ,1,กล่อง, ฿ 798.00 ,2000,กรัม, ฿ 0.40 ,26/03/26
76,FZ-0002,เอโร่ หมั่นโถวแช่แข็ง 50 กรัม x 6 ชิ้น,FZ,2,แม็คโคร,1,แพ็ค,  65.00 ,1,แพ็ค, ฿ 65.00 ,6,ชิ้น, ฿ 10.83 ,
101,FZ-0003,แซลมอนเทร้ารมควันสไลซ์ 100 กรัม,FZ,3,แม็คโคร,1,แพ็ค,  175.00 ,1,แพ็ค, ฿ 175.00 ,100,กรัม, ฿ 1.75 ,
107,FZ-0004,เชลโล รีเซอวา พาร์เมซานชีส,FZ,4,แม็คโคร,1,ก้อน,  235.00 ,1,ก้อน, ฿ 235.00 ,150,กรัม, ฿ 1.57 ,
113,FZ-0005,เบคอนเดอลุกซ์ (ฟรีส) 1000 กรัม,FZ,5,เบทาโกร,1,แพ็ค,  294.00 ,1,แพ็ค, ฿ 294.00 ,1000,กรัม, ฿ 0.29 ,2/5/26
116,FZ-0006,มิลค์แลคโกลด์ ครีม 1ลิตร,FZ,6,แม็คโคร,1,กล่อง,  159.00 ,1,กล่อง, ฿ 159.00 ,1000,กรัม, ฿ 0.16 ,
123,FZ-0007,แอโรผลไม้รวมมิกซ์เบอรี่,FZ,7,แม็คโคร,1,ถุง,  175.00 ,1,ถุง, ฿ 175.00 ,1000,กรัม, ฿ 0.18 ,
124,FZ-0008,ไข่กุ้ง  500  กรัม,FZ,8,แม็คโคร,1,แพ๊ค,  429.00 ,1,แพ็ค, ฿ 429.00 ,500,กรัม, ฿ 0.86 ,
136,FZ-0009,ครัวซองบัตเตอร์พร้อมอบ,FZ,9,Food Project,1,กล่อง,  802.50 ,1,กล่อง, ฿ 802.50 ,100,ชิ้น, ฿ 8.03 ,
142,FZ-0010,เนื้อปลาแซลมอนรมควันพริกไทยดำ,FZ,10,TOP,1,แพ็ค,  155.00 ,1,แพ็ค, ฿ 155.00 ,100,กรัม, ฿ 1.55 ,
156,FZ-0011,เอโร่ เฟรนช์ฟรายส์แช่แข็ง เส้นตรง ขนาด 10 มม. 1 กก.,FZ,11,แม็คโคร,1,ถุง,  250.00 ,1,ถุง, ฿ 250.00 ,2000,กรัม, ฿ 0.13 ,
159,FZ-0012,แลมบ์เวสตัน วาฟเฟิลคัทฟรายส์ 1 กก.,FZ,12,แม็คโคร,1,ถุง,  225.00 ,1,ถุง, ฿ 225.00 ,1000,กรัม, ฿ 0.23 ,
160,FZ-0013,มันฝรั่งเส้นเกลียว MC Corn 500 กรัม,FZ,13,แม็คโคร,1,แพ็ค,  89.00 ,1,แพ็ค, ฿ 89.00 ,500,กรัม, ฿ 0.18 ,
161,FZ-0014,ชิกเก้นนักเก็ต 1000 กรัม,FZ,14,แม็คโคร,1,ถุง,  129.00 ,1,ถุง, ฿ 129.00 ,1000,กรัม, ฿ 0.13 ,
162,FZ-0015,จีเอสบี ไก่แผ่นรมควัน 4x4 นิ้ว 1000 กรัม,FZ,15,แม็คโคร,1,ถุง,  155.00 ,1,ถุง, ฿ 155.00 ,1000,กรัม, ฿ 0.16 ,
174,FZ-0016,เอโร่ ถุงทองไส้กุ้งแช่แข็ง 48 ชิ้น,FZ,16,แม็คโคร,1,แพ็ค,  299.00 ,1,แพ็ค, ฿ 299.00 ,48,ชิ้น, ฿ 6.23 ,
184,FZ-0017,ทีจีเอ็ม เปปเปอร์ซาลามี่ ยกชิ้น 1 กก.,FZ,17,แม็คโคร,1,เส้น,  960.00 ,1,เส้น, ฿ 960.00 ,500,กรัม, ฿ 1.92 ,
200,FZ-0018,ไส้กรอกแฟรงค์ไก่รมควันหนังกรอบ 500 กรัม,FZ,18,เบทาโกร,1,แพ็ค,  58.00 ,1,แพ็ค, ฿ 58.00 ,500,กรัม, ฿ 0.12 ,2/5/26
206,FZ-0019,ดัชชี่ โยเกิร์ต รสออริจินัล 2 กิโลกรัม,FZ,19,แม็คโคร,1,แกลลอน,  130.00 ,1,แกลลอน, ฿ 130.00 ,2000,กรัม, ฿ 0.07 ,
207,FZ-0020,Emborg Camembert Soft White Mould Cheese 125g,FZ,20,แม็คโคร,1,กล่อง,  135.00 ,1,กล่อง, ฿ 135.00 ,125,กรัม, ฿ 1.08 ,
208,FZ-0021,Emborg Sliced Gouda Cheese 150g,FZ,21,แม็คโคร,1,กล่อง,  155.00 ,1,กล่อง, ฿ 155.00 ,150,กรัม, ฿ 1.03 ,
213,FZ-0022,เอโร่ ปลาทิพย์แช่แข็ง 500 กรัม,FZ,22,แม็คโคร,1,แพ็ค,  85.00 ,1,แพ็ค, ฿ 85.00 ,500,กรัม, ฿ 0.17 ,
228,FZ-0023,เอโร่ ข้าวโพดหวานแช่แข็ง 1 กิโลกรัม,FZ,23,แม็คโคร,1,แพ็ค,  63.00 ,1,แพ็ค, ฿ 63.00 ,1000,กรัม, ฿ 0.06 ,
229,FZ-0024,แทลลียส์ ถั่วลันเตาแช่แข็ง 1 กิโลกรัม,FZ,24,แม็คโคร,1,แพ็ค,  79.00 ,1,แพ็ค, ฿ 79.00 ,1000,กรัม, ฿ 0.08 ,
249,FZ-0025,อลาวรี่ เนยชนิดจืด 1 กิโลกรัม x 100 ถ้วย,FZ,25,แม็คโคร,1,กล่อง,  480.00 ,1,กล่อง, ฿ 480.00 ,100,ตลับ, ฿ 4.80 ,
254,FZ-0026,ทองหยอดไข่ปลา (500 กรัม/1กล่อง),FZ,26,SK SUPPLY,1,กล่อง,  130.00 ,1,กล่อง, ฿ 130.00 ,500,กรัม, ฿ 0.26 ,
273,FZ-0027,เดลิเฟรช มาสคาโพนเน่ 450 กรัม,FZ,27,แม็คโคร,1,กระปุก,  240.00 ,1,กระปุก, ฿ 240.00 ,450,กรัม, ฿ 0.53 ,
288,FZ-0028,เอ็นข้อไก่แช่แข็ง 1 กิโลกรัม,FZ,28,แม็คโคร,1,แพ็ค,  229.00 ,1,แพ็ค, ฿ 229.00 ,1000,กรัม, ฿ 0.23 ,26/03/26
305,FZ-0029,ปลาหมึกกล้วยบั้งตา,FZ,29,แม็คโคร,1,ถุง,  189.00 ,1,ถุง, ฿ 189.00 ,1000,กรัม, ฿ 0.19 ,
306,FZ-0030,เอโร่ เนื้อหอยแมลงภู่ชิลีแช่แข็ง (100-200 ตัว/กก.) 1 กก.,FZ,30,แม็คโคร,1,แพ็ค,  150.00 ,1,กิโล, ฿ 150.00 ,200,ตัว, ฿ 0.75 ,
325,FZ-0031,"เอโร่ แผ่นแป้งโรตีแช่แข็ง 1,600 กรัม x 20 แผ่น",FZ,31,แม็คโคร,1,แพ็ค,  199.00 ,1,แพ็ค, ฿ 199.00 ,20,แผ่น, ฿ 9.95 ,
353,FZ-0032,แซลมอนเทร้ารมควันสไลซ์แช่แข็ง 500 กรัม,FZ,32,แม็คโคร,1,แพ็ค,  585.00 ,1,แพ็ค, ฿ 585.00 ,500,กรัม, ฿ 1.17 ,
381,FZ-0033,ขนมจีบ 33 ลูก/กล่อง,FZ,33,น้าอ้อย,1,กล่อง,  100.00 ,1,กล่อง, ฿ 100.00 ,50,ลูก, ฿ 2.00 ,
382,FZ-0034,จีเอสบี ไส้กรอกไก่คอกเทล 3000 กรัม,FZ,34,แม็คโคร,1,แพ็ค,  199.00 ,1,แพ็ค, ฿ 199.00 ,3000,กรัม, ฿ 0.07 ,
383,FZ-0035,เจ้ควิก แป้งลอดช่องสิงคโปร์ 500 กรัม,FZ,35,แม็คโคร,1,แพ็ค,  49.00 ,1,แพ็ค, ฿ 49.00 ,500,กรัม, ฿ 0.10 ,
384,FZ-0036,เซพแพ็ค เฟรนช์ฟรายส์แช่แข็ง ขนาด 12 มม.แพ็ค 2 กิโลกรัม,FZ,36,แม็คโคร,1,แพ็ค,  149.00 ,1,แพ็ค, ฿ 149.00 ,2000,กรัม, ฿ 0.07 ,
385,FZ-0037,หอยแมลงภู่ครึ่งฝาแช่แข็ง (ขนาด 30-40 ตัว/กก.) 1 กก.,FZ,37,แม็คโคร,1,แพ็ค,  105.00 ,1,แพ็ค, ฿ 105.00 ,1000,กรัม, ฿ 0.11 ,
386,FZ-0038,เอเอฟเอ็ม ลูกชิ้นปลาเยาวราช แบบรักบี้ 1000 กรัม,FZ,38,แม็คโคร,1,แพ็ค,  95.00 ,1,แพ็ค, ฿ 95.00 ,1000,กรัม, ฿ 0.10 ,
387,FZ-0039,ลูกชิ้นกุ้งระเบิด 500 กรัม,FZ,39,ตลาดสด,1,แพ็ค,  100.00 ,1,แพ็ค, ฿ 100.00 ,500,กรัม, ฿ 0.20 ,
388,FZ-0040,ปลาอินทรีย์หั่นแว่น กรัม/ชิ้น,FZ,40,สุดทะเล,1,ชิ้น,  100.00 ,1,ชิ้น, ฿ 100.00 ,1,ชิ้น, ฿ 100.00 ,
389,FZ-0041,ปลากะพงขาวแล่ชิ้น 200 กรัม/ชิ้น,FZ,41,สุดทะเล,1,ชิ้น,  120.00 ,1,ชิ้น, ฿ 120.00 ,1,ชิ้น, ฿ 120.00 ,
390,FZ-0042,ปลาเเซลมอนนอร์เวย์แล่ 100 กรัม/ชิ้น,FZ,42,สุดทะเล,1,ชิ้น,  120.00 ,1,ชิ้น, ฿ 120.00 ,1,ชิ้น, ฿ 120.00 ,
391,FZ-0043,กรรเชียงปูจัมโบ้ 250 กรัม/แพ็ค,FZ,43,สุดทะเล,1,แพ็ค,  425.00 ,250,กรัม, ฿ 1.70 ,1,กรัม, ฿ 1.70 ,
392,FZ-0044,เอโร่ โบโลน่าไก่ 1000 กรัม,FZ,44,แม็คโคร,1,แพ็ค,  125.00 ,1,แพ็ค, ฿ 125.00 ,1000,กรัม, ฿ 0.13 ,
393,FZ-0045,ปลาทูน่าสด,FZ,45,แม็คโคร,1,กิโล,  719.00 ,1,กิโล, ฿ 719.00 ,1000,กรัม, ฿ 0.72 ,
394,FZ-0046,ARO เชดด้าชีส ชนิดก้อน 1000 ก,FZ,46,แม็คโคร,1,ก้อน,  360.00 ,1,กิโล, ฿ 360.00 ,1000,กรัม, ฿ 0.36 ,26/03/26
395,FZ-0047,บีเอ็มพี เบคอนพันไส้กรอกกลาง 500 ก.,FZ,47,แม็คโคร,1,แพ็ค,  120.00 ,1,แพ็ค, ฿ 120.00 ,500,กรัม, ฿ 0.24 ,
396,FZ-0048,ทีวีไอ ปูอัดเบนโตะ 500 กรัม,FZ,48,แม็คโคร,1,แพ็ค,  165.00 ,1,แพ็ค, ฿ 165.00 ,500,กรัม, ฿ 0.33 ,
397,FZ-0049,ลิตเติ้ลเชฟ แผ่นแป้งปอเปี๊ยะแช่แข็ง 8.5 40 แผ่น,FZ,49,Makro,1,แพ็ค,  85.00 ,1,แพ็ค, ฿ 85.00 ,40,แผ่น, ฿ 2.13 ,
398,FZ-0050,เอโร่ กุ้งขาวไว้หางแช่แข็ง (จำนวน 45-55 ตัว/แพ็ค) 1 ก.,FZ,50,แม็คโคร,1,แพ็ค,  185.00 ,1,แพ็ค, ฿ 185.00 ,41,ตัว, ฿ 4.51 ,
399,FZ-0051,เอโร่ สตรอว์เบอร์รีแช่แข็ง 1 กก.,FZ,51,Makro,1,แพ็ค,  89.00 ,1,ถุง, ฿ 89.00 ,1000,กรัม, ฿ 0.09 ,
400,FZ-0052,เอโร่ แซลมอนแอตแลนติกหั่นชิ้น แช่แข็ง 900 ก. (120-140 ก./ชิ้น),FZ,52,Makro,1,แพ็ค,  689.00 ,7,ชิ้น, ฿ 98.43 ,1,ชิ้น, ฿ 98.43 ,26/03/26
401,FZ-0053,ปลากะพงขาว,FZ,53,โกผอม,1,ตัว,  145.00 ,1000,กรัม, ฿ 0.15 ,1,กรัม, ฿ 0.15 ,
402,FZ-0054,ริชส์ นอนแดรี่ ครีมเมอร์ 454 ก.,FZ,54,แม็คโคร,1,กล่อง,  65.00 ,1,กล่อง, ฿ 65.00 ,454,กรัม, ฿ 0.14 ,
403,FZ-0055,ปลาทูู 10-12 ตัว/กก.,FZ,55,ตลาดสด,1,กิโล,  90.00 ,10,ตัว, ฿ 9.00 ,1,ตััว, ฿ 9.00 ,
404,JJ-0001,"หมูกรอบจำ แลง RT 200 G ""มีท อวตาร",JJ,1,Food Project,1,แพ็ค,  102.80 ,1,แพ็ค, ฿ 102.80 ,200,กรัม, ฿ 0.51 ,
405,JJ-0002,"หมูกรอบจำ แลง RT 400 G ""มีท อวตาร",JJ,2,Food Project,1,แพ็ค,  147.66 ,1,แพ็ค, ฿ 147.66 ,400,กรัม, ฿ 0.37 ,
406,JJ-0003,"หมูกรอบจำ แลงFS 400 G ""มีท อวตาร",JJ,3,Food Project,1,แพ็ค,  114.95 ,1,แพ็ค, ฿ 114.95 ,400,กรัม, ฿ 0.29 ,
407,JJ-0004,"หมูสับจำ แลงFS 1000 G ""มีท อวตาร",JJ,4,Food Project,1,แพ็ค,  157.01 ,1,แพ็ค, ฿ 157.01 ,1000,กรัม, ฿ 0.16 ,
408,JJ-0005,ปอเปี๊ยะเจ,JJ,5,Food Project,1,แพ็ค,  138.00 ,1,แพ็ค, ฿ 138.00 ,30,ชิ้น, ฿ 4.60 ,
409,JJ-0006,เกี๊ยวซ่าเจ,JJ,6,Food Project,1,แพ็ค,  163.00 ,1,แพ็ค, ฿ 163.00 ,40,ชิ้น, ฿ 4.08 ,
410,JJ-0007,ขนมจีบเจ,JJ,7,Food Project,1,แพ็ค,  125.00 ,1,แพ็ค, ฿ 125.00 ,30,ชิ้น, ฿ 4.17 ,
411,JJ-0008,พัฟเต้าหู้ญี่ปุ่นเจ ตรา  เอเวอร์เบสท์,JJ,8,Food Project,1,แพ็ค,  86.00 ,1,แพ็ค, ฿ 86.00 ,500,กรัม, ฿ 0.17 ,
412,JJ-0009,เนื้อเป็ดทรงเครื่องเจ ตรา เอเวอร์เบสท์,JJ,9,Food Project,1,แพ็ค,  64.00 ,1,แพ็ค, ฿ 64.00 ,250,กรัม, ฿ 0.26 ,
413,JJ-0010,เนื้อเป็ดพะโล้เจ ตรา เอเวอร์เบสท์,JJ,10,Food Project,1,แพ็ค,  94.00 ,1,แพ็ค, ฿ 94.00 ,500,กรัม, ฿ 0.19 ,
414,JJ-0011,ลูกชิ้นปลาเจ ตรา เอเวอร์เบสท์,JJ,11,Food Project,1,แพ็ค,  42.00 ,1,แพ็ค, ฿ 42.00 ,250,กรัม, ฿ 0.17 ,
415,JJ-0012,กุ้งชุบแป้งทอดเจ ตรา เอเวอร์เบสท์,JJ,12,Food Project,1,แพ็ค,  86.00 ,1,แพ็ค, ฿ 86.00 ,320,กรัม, ฿ 0.27 ,
416,JJ-0013,นักเกตจากพืช ตราแพลนท์โอเวอร์,JJ,13,Food Project,1,แพ็ค,  85.00 ,1,แพ็ค, ฿ 85.00 ,200,กรัม, ฿ 0.43 ,
1,SS-0001,เอโร่ พาสต้าสปาเก็ตตี้ 1000 กรัม,SS,1,แม็คโคร,1,แพ็ค,  95.00 ,1,แพ็ค, ฿ 95.00 ,1000,กรัม, ฿ 0.10 ,
17,SS-0002,ตราฉัตร ข้าวขาวหอมมะลิใหม่ 100% 5 กก.,SS,2,แม็คโคร,1,ถุง,  217.00 ,1,ถุง, ฿ 217.00 ,5000,กรัม, ฿ 0.04 ,26/03/26
18,SS-0003,เด็กสมบูรณ์ ซีอิ๊วขาว สูตร1 1000 มล. x 3 ขวด,SS,3,แม็คโคร,1,แพ็ค,  191.00 ,3,ขวด, ฿ 63.67 ,1000,มล., ฿ 0.06 ,
19,SS-0004,ปรุงทิพย์ เกลือบริโภคเสริมไอโอดีน 500 กรัม x 6 ถุง,SS,4,แม็คโคร,1,แพ็ค,  38.00 ,6,ถุง, ฿ 6.33 ,500,กรัม, ฿ 0.01 ,
20,SS-0005,มิตรผล น้ำตาลทรายขาวบริสุทธิ์ 1 กก. x 5 ถุง,SS,5,แม็คโคร,1,แพ็ค,  135.00 ,5,ถุง, ฿ 27.00 ,1000,กรัม, ฿ 0.03 ,
21,SS-0006,ตรามือที่ 1 พริกไทยขาวป่น 60 กรัม x 6 ขวด,SS,6,แม็คโคร,1,แพ็ค,  365.00 ,6,ขวด, ฿ 60.83 ,60,กรัม, ฿ 1.01 ,
22,SS-0007,โบนัส น้ำมันปาล์ม แกลลอน 5 ลิตร,SS,7,แม็คโคร,1,แกลลอน,  215.00 ,1,แกลอน, ฿ 215.00 ,5000,กรัม, ฿ 0.04 ,26/03/26
23,SS-0008,พรีโก้ พาสต้าซอสมะเขือเทศ รสดั้งเดิม 300 กรัม,SS,8,แม็คโคร,1,กระป๋อง,  63.00 ,1,กระป๋อง, ฿ 63.00 ,300,กรัม, ฿ 0.21 ,
24,SS-0009,หอมใหญ่นอก 1 กิโลกรัม,SS,9,แม็คโคร,1,กิโล,  33.00 ,1,แพ็ค, ฿ 33.00 ,1000,กรัม, ฿ 0.03 ,26/03/26
25,SS-0010,ตรามือที่ 1 ออริกาโน 100 กรัม,SS,10,แม็คโคร,1,แพ็ค,  95.00 ,1,แพ็ค, ฿ 95.00 ,100,กรัม, ฿ 0.95 ,
26,SS-0011,พริกไทยดำเม็ด 500 กรัม,SS,11,แม็คโคร,1,แพ็ค,  165.00 ,1,แพ็ค, ฿ 165.00 ,500,กรัม, ฿ 0.33 ,
27,SS-0012,ภูเขาทอง ซอสปรุงรส ฝาเขียว 3000 มล.,SS,12,แม็คโคร,1,แกลลอน,  158.00 ,1,แกลอน, ฿ 158.00 ,3000,มล., ฿ 0.05 ,
28,SS-0013,โรซ่า ซอสพริก 1000 กรัม,SS,13,แม็คโคร,1,ถุง,  33.00 ,1,ถุง, ฿ 33.00 ,1000,กรัม, ฿ 0.03 ,26/03/26
29,SS-0014,เอสแอนด์บี เครื่องแกงกะหรี่ เผ็ดมาก 220 กรัม,SS,14,แม็คโคร,1,กล่อง,  84.00 ,1,กล่อง, ฿ 84.00 ,220,กรัม, ฿ 0.38 ,
30,SS-0015,น้ำเปล่า,SS,15,ผลิตเอง,1,ลบ.ม.,  10.20 ,1000000,ml, ฿ 0.00 ,1,มล., ฿ 0.00 ,
31,SS-0016,งาดำ 500 กรัม,SS,16,แม็คโคร,1,แพ็ค,  73.00 ,1,แพ็ค, ฿ 73.00 ,500,กรัม, ฿ 0.15 ,
32,SS-0017,ตรามือที่ 1 ปาปริก้าป่น 200 กรัม,SS,17,แม็คโคร,1,แพ็ค,  75.00 ,1,แพ็ค, ฿ 75.00 ,200,กรัม, ฿ 0.38 ,
34,SS-0018,นกขั้วโลก ซอสหอยนางรม สูตร 3  4500 กรัม,SS,18,แม็คโคร,1,แกลลอน,  71.00 ,1,แกลอน, ฿ 71.00 ,4500,กรัม, ฿ 0.02 ,
39,SS-0019,เด็กสมบูรณ์ ซีอิ๊วดำ สูตร5 2700 กรัม,SS,19,แม็คโคร,1,แกลลอน,  81.00 ,1,แกลอน, ฿ 81.00 ,2700,กรัม, ฿ 0.03 ,
42,SS-0020,กะทิกล่อง อร่อยดี 1000 กรัม*2กล่อง,SS,20,แม็คโคร,1,แพ็ค,  160.00 ,2,กล่อง, ฿ 80.00 ,1000,กรัม, ฿ 0.08 ,26/03/26
44,SS-0021,กุ้งแห้งป่น 500 กรัม,SS,21,ตลาดสด,1,แพ็ค,  300.00 ,1,แพ็ค, ฿ 300.00 ,500,กรัม, ฿ 0.60 ,
45,SS-0022,ทิพรส น้ำปลาแท้ ฉลากสีเหลือง 4500 มล.,SS,22,แม็คโคร,1,แกลลอน,  179.00 ,1,แกลอน, ฿ 179.00 ,4500,มล., ฿ 0.04 ,
47,SS-0023,ฮานะมารูคิ ดาชิ อิริ โอก้าซัง มิโซะ 1000 กรัม,SS,23,แม็คโคร,1,แพ็ค,  99.00 ,1,แพ็ค, ฿ 99.00 ,1000,กรัม, ฿ 0.10 ,
48,SS-0024,ดาชิ,SS,24,แม็คโคร,1,แพ็ค,  95.00 ,1,แพ็ค, ฿ 95.00 ,100,กรัม, ฿ 0.95 ,
49,SS-0025,สาหร่ายวาเกเมะ 100 กรัม,SS,25,แม็คโคร,1,แพ็ค,  92.00 ,1,แพ็ค, ฿ 92.00 ,100,กรัม, ฿ 0.92 ,
55,SS-0026,ปลาหมึกแห้ง,SS,26,ตลาดสด,1,ตัว,  75.00 ,1,ตัว, ฿ 75.00 ,100,กรัม, ฿ 0.75 ,31/3/25
57,SS-0027,หมี่ซั่วเส้นเล็ก,SS,27,ตลาดสด,1,กิโล,  15.00 ,1,แพ็ค, ฿ 15.00 ,500,กรัม, ฿ 0.03 ,
59,SS-0028,หอมแดงเจียว 1000 กรัม,SS,28,แม็คโคร,1,ถุง,  263.00 ,1,ถุง, ฿ 263.00 ,1000,กรัม, ฿ 0.26 ,
61,SS-0029,ชุดตุ๋นสมุนไพรจีน 100 กรัม,SS,29,แม็คโคร,1,แพ็ค,  65.00 ,1,แพ็ค, ฿ 65.00 ,100,กรัม, ฿ 0.65 ,
62,SS-0030,เห็ดหอมแห้ง ตราเอโร่ 500 กรัม,SS,30,แม็คโคร,1,แพ็ค,  230.00 ,1,แพ็ค, ฿ 230.00 ,500,กรัม, ฿ 0.46 ,26/03/26
67,SS-0031,ตั้งช่าย,SS,31,ตลาดสด,1,ถุง,  30.00 ,1,ถุง, ฿ 30.00 ,500,กรัม, ฿ 0.06 ,24/3/25
70,SS-0032,ฮอยซินซอส,SS,32,Panfood,1,กระปุก,  94.50 ,1,กระปุก, ฿ 94.50 ,240,กรัม, ฿ 0.39 ,28/12/25
71,SS-0033,น้ำผึ้ง ตราซันฟอเรสท์ 1000 ก.*2,SS,33,แม็คโคร,1,แพ็ค,  420.00 ,2,ขวด, ฿ 210.00 ,1000,กรัม, ฿ 0.21 ,
72,SS-0034,มิตรผล น้ำตาลทรายแดง 500 กรัม x 4 ถุง,SS,34,แม็คโคร,1,แพ็ค,  115.00 ,4,ถุง, ฿ 28.75 ,500,กรัม, ฿ 0.06 ,
73,SS-0035,โลโบ ผงพะโล้ 65 กรัม x 3 ซอง,SS,35,แม็คโคร,1,แพ็ค,  83.00 ,3,ซอง, ฿ 27.67 ,65,กรัม, ฿ 0.43 ,
75,SS-0036,อสร. น้ำส้มสายชูกลั่น5% 3 ลิตร,SS,36,แม็คโคร,1,แกลลอน,  59.00 ,1,แกลอน, ฿ 59.00 ,3000,กรัม, ฿ 0.02 ,26/03/26
78,SS-0037,ไร่ทิพย์ พริกขี้หนูสวนป่น 500 กรัม,SS,37,แม็คโคร,1,แพ็ค,  95.00 ,1,แพ็ค, ฿ 95.00 ,500,กรัม, ฿ 0.19 ,
79,SS-0038,อิมพีเรียล แพนเค้ก มิกซ์ แป้งสำหรับทำแพนเค้ก 1 กก.,SS,38,แม็คโคร,1,ถุง,  109.00 ,1,ถุง, ฿ 109.00 ,1000,กรัม, ฿ 0.11 ,
82,SS-0039,ลิน น้ำตาลไอซิ่ง 900 กรัม,SS,39,แม็คโคร,1,แพ็ค,  42.00 ,1,แพ็ค, ฿ 42.00 ,900,กรัม, ฿ 0.05 ,
83,SS-0040,ซอสช็อคโกแลต,SS,40,แม็คโคร,1,ขวด,  59.00 ,1,ขวด, ฿ 59.00 ,310,กรัม, ฿ 0.19 ,
85,SS-0041,น้ำส้มสายชูสับปะรด,SS,41,โลตัส,1,ขวด,  22.00 ,1,ขวด, ฿ 22.00 ,750,กรัม, ฿ 0.03 ,
86,SS-0042,กระเทียมเจียว 1000 กรัม,SS,42,แม็คโคร,1,ถุง,  180.00 ,1,ถุง, ฿ 180.00 ,1000,กรัม, ฿ 0.18 ,
87,SS-0043,อบเชย 200 กรัม,SS,43,แม็คโคร,1,แพ็ค,  87.00 ,1,แพ็ค, ฿ 87.00 ,200,กรัม, ฿ 0.44 ,
90,SS-0044,เซพแพ็ค เกล็ดขนมปัง 1 กก.,SS,44,แม็คโคร,1,ถุง,  60.00 ,1,ถุง, ฿ 60.00 ,1000,กรัม, ฿ 0.06 ,
91,SS-0045,ตราว่าว แป้งอเนกประสงค์ 1 กิโลกรัม,SS,45,แม็คโคร,1,ถุง,  37.00 ,1,ถุง, ฿ 37.00 ,1000,กรัม, ฿ 0.04 ,
96,SS-0046,เบสท์ฟูดส์ ซีซ่าส์เดรสซิ่ง 1000 กรัม,SS,46,แม็คโคร,1,ถุง,  135.00 ,1,ถุง, ฿ 135.00 ,1000,กรัม, ฿ 0.14 ,26/03/26
100,SS-0047,งาขาว 500 กรัม,SS,47,แม็คโคร,1,ถุง,  65.00 ,1,ถุง, ฿ 65.00 ,500,กรัม, ฿ 0.13 ,
102,SS-0048,มะพร้าวอบกรอบ 500 กรัม,SS,48,Shopee,1,ถุง,  40.00 ,1,ถุว, ฿ 40.00 ,500,กรัม, ฿ 0.08 ,
103,SS-0049,เบสท์ฟู้ดส์ เรียล มายองเนส 1 กิโลกรัม,SS,49,แม็คโคร,1,ถุง,  142.00 ,1,ถุง, ฿ 142.00 ,1000,กรัม, ฿ 0.14 ,
105,SS-0050,น้ำมันสลัด,SS,50,แม็คโคร,1,แกลลอน,  299.00 ,1,แกลอน, ฿ 299.00 ,3300,กรัม, ฿ 0.09 ,
110,SS-0051,แป้งมัน,SS,51,แม็คโคร,1,ถุง,  33.00 ,1,ถุง, ฿ 33.00 ,1000,กรัม, ฿ 0.03 ,
114,SS-0052,พริกจินดาแห้ง,SS,52,แม็คโคร,1,แพ็ค,  109.00 ,1,แพ็ค, ฿ 109.00 ,1000,กรัม, ฿ 0.11 ,
117,SS-0053,พริกแกงขนมจีน,SS,53,แม็คโคร,1,ถุง,  49.00 ,1,ถุง, ฿ 49.00 ,400,กรัม, ฿ 0.12 ,
118,SS-0054,กุหลาบแดง น้ำตาลเหลว 1000 กรัม,SS,54,แม็คโคร,1,ถุง,  49.00 ,1,ถุง, ฿ 49.00 ,1000,กรัม, ฿ 0.05 ,
119,SS-0055,มะขามเปียก,SS,55,ตลาดสด,1,แพ็ค,  50.00 ,1,ถุง, ฿ 50.00 ,500,กรัม, ฿ 0.10 ,
120,SS-0056,ถั่วลิสงป่น,SS,56,แม็คโคร,1,ถุง,  46.00 ,1,ถุง, ฿ 46.00 ,500,กรัม, ฿ 0.09 ,
122,SS-0057,น้ำจิ้มไก่ แม่ประนอม,SS,57,โลตัส,1,ถุง,  26.00 ,1,ถุง, ฿ 26.00 ,1000,กรัม, ฿ 0.03 ,
125,SS-0058,เอล ชาร์โร ทาโก้เชลล์ 6 นิ้ว 165 กรัม,SS,58,แม็คโคร,1,ถุง,  115.00 ,1,ถุง, ฿ 115.00 ,10,ชิ้น, ฿ 11.50 ,
128,SS-0059,ใบกระวาน,SS,59,แม็คโคร,1,แพ็ค,  25.00 ,1,แพ็ค, ฿ 25.00 ,50,กรัม, ฿ 0.50 ,
129,SS-0060,โรซ่า ซอสมะเขือเทศ 1000 กรัม,SS,60,แม็คโคร,1,ถุง,  37.00 ,1,ถุง, ฿ 37.00 ,1000,กรัม, ฿ 0.04 ,26/03/26
130,SS-0061,ผงสไปซี่โลโบ้,SS,61,Top,1,ถุง,  19.00 ,1,ถุง, ฿ 19.00 ,50,กรัม, ฿ 0.38 ,
137,SS-0062,อิมพีเรียล ท็อปปิ้ง รสช็อกโกแลต 310 กรัม,SS,62,แม็คโคร,1,ขวด,  56.00 ,1,ขวด, ฿ 56.00 ,310,กรัม, ฿ 0.18 ,
138,SS-0063,บัลซามิก เกลซ,SS,63,แม็คโคร,1,ขวด,  219.00 ,1,ขวด, ฿ 219.00 ,200,กรัม, ฿ 1.10 ,
139,SS-0064,แครนเบอร์รี่ผลไม้อบแห้ง,SS,64,Shopee,1,แพ็ค,  145.00 ,1,แพ็ค, ฿ 145.00 ,1000,กรัม, ฿ 0.15 ,
143,SS-0065,เฮอริเทจ วอลนัทดิบ ชิ้นใหญ่ 454 กรัม,SS,65,แม็คโคร,1,ถุง,  321.00 ,1,ถุง, ฿ 321.00 ,454,กรัม, ฿ 0.71 ,
145,SS-0066,เฟร้นต์มัสตาร์ดครีม,SS,66,แม็คโคร,1,ขวด,  76.00 ,1,ขวด, ฿ 76.00 ,226,กรัม, ฿ 0.34 ,
146,SS-0067,ปลาเค็มแอนโชวี่ในน้ำมันมะกอก 50 กรัม,SS,67,แม็คโคร,1,กระป๋อง,  630.00 ,1,กระป๋อง, ฿ 630.00 ,50,กรัม, ฿ 12.60 ,
147,SS-0068,เอโร่ เม็ดมะม่วงหิมพานต์ซีก 800 กรัม,SS,68,แม็คโคร,1,ถุง,  213.00 ,1,ถุง, ฿ 213.00 ,800,กรัม, ฿ 0.27 ,26/03/26
149,SS-0069,ผงกระหรี่,SS,69,แม็คโคร,1,ถุง,  137.00 ,1,ถุง, ฿ 137.00 ,500,กรัม, ฿ 0.27 ,
150,SS-0070,ผงกระเทียม,SS,70,แม็คโคร,1,ถุง,  95.00 ,1,ถุง, ฿ 95.00 ,148,กรัม, ฿ 0.64 ,
151,SS-0071,แป้งทอดกรอบ ตราครัววังทิพย์ 1000 กรัม,SS,71,แม็คโคร,1,ถุง,  51.00 ,1,ถุง, ฿ 51.00 ,1000,กรัม, ฿ 0.05 ,
152,SS-0072,โกชูจัง ฮอท เปปเปอร์ เพสท์ 500 กรัม,SS,72,แม็คโคร,1,กระปุก,  185.00 ,1,กระปุก, ฿ 185.00 ,500,กรัม, ฿ 0.37 ,
153,SS-0073,เอโร่ ซอสโชยุ 1 ลิตร,SS,73,แม็คโคร,1,ขวด,  57.00 ,1,ขวด, ฿ 57.00 ,1000,กรัม, ฿ 0.06 ,
155,SS-0074,TaTar Sauce,SS,74,Food Project,1,ถุง,  95.00 ,1,ถุง, ฿ 95.00 ,1000,กรัม, ฿ 0.10 ,
157,SS-0075,ยัมมี่ ผงปรุงรสรส รสชีส 100 กรัม x 4 ซอง,SS,75,แม็คโคร,1,แพ็ค,  92.00 ,4,ซอง, ฿ 23.00 ,400,กรัม, ฿ 0.06 ,
158,SS-0076,ยัมมี่ ผงปรุงรส รสบาร์บีคิว 100 กรัม x 4 ซอง,SS,76,แม็คโคร,1,แพ็ค,  99.00 ,4,ซอง, ฿ 24.75 ,400,กรัม, ฿ 0.06 ,
165,SS-0077,ใบมะกรูด,SS,77,ตลาดสด,1,กรัม,  10.00 ,1,กรัม, ฿ 10.00 ,100,กรัม, ฿ 0.10 ,
169,SS-0078,กลิ่นวนิลา IMITATION,SS,78,แม็คโคร,1,ขวด,  170.00 ,1,ขวด, ฿ 170.00 ,430,กรัม, ฿ 0.40 ,
170,SS-0079,อบเชยป่น 200 กรัม,SS,79,แม็คโคร,1,แพ็ค,  84.75 ,1,แพ็ค, ฿ 84.75 ,200,กรัม, ฿ 0.42 ,
171,SS-0080,อบเชยแท่ง ARO 1000 กรัม,SS,80,แม็คโคร,1,แพ็ค,  325.00 ,1,แพ็ค, ฿ 325.00 ,1000,กรัม, ฿ 0.33 ,
172,SS-0081,โป๊ยกั๊ก 500 กรัม,SS,81,แม็คโคร,1,แพ็ค,  399.00 ,1,แพ็ค, ฿ 399.00 ,500,กรัม, ฿ 0.80 ,
179,SS-0082,ไมก้า ซอสมะเขือเทศเข้มข้น 170 กรัม x 6 กระป๋อง,SS,82,แม็คโคร,1,แพ็ค,  185.00 ,6,กระป๋อง, ฿ 30.83 ,170,กรัม, ฿ 0.18 ,
180,SS-0083,เอโร่ ลูกเกดดำ 1000 กรัม,SS,83,แม็คโคร,1,แพ็ค,  139.00 ,1,แพ็ค, ฿ 139.00 ,1000,กรัม, ฿ 0.14 ,
181,SS-0084,ทิปโก้ สควีซ น้ำส้มสายน้ำผึ้ง 100% พาสเจอร์ไรซ์ 1000 มล.,SS,84,แม็คโคร,1,กล่อง,  75.00 ,1,กล่อง, ฿ 75.00 ,1000,กรัม, ฿ 0.08 ,
182,SS-0085,แครกเกอร์โรซี่,SS,85,แม็คโคร,1,กล่อง,  50.00 ,1,กรัม, ฿ 50.00 ,300,กรัม, ฿ 0.17 ,
183,SS-0086,HIRAM WALKER TRIPLE SEC,SS,86,แม็คโคร,1,ขวด,  779.00 ,1,ขวด, ฿ 779.00 ,1,กรัม, ฿ 779.00 ,
185,SS-0087,คริสโป มะกอกดำไม่มีเมล็ด 387 กรัม,SS,87,แม็คโคร,1,ขวด,  107.00 ,1,กระป๋อง, ฿ 107.00 ,387,กรัม, ฿ 0.28 ,
186,SS-0088,เฟรนต์มัสตาร์ด ขนาด 226 กรัม,SS,88,แม็คโคร,1,ขวด,  69.00 ,1,ขวด, ฿ 69.00 ,226,กรัม, ฿ 0.31 ,
188,SS-0089,ฟาร์มเฮ้าส์ ขนมปังแซนวิช 480 กรัม (สีแดง),SS,89,แม็คโคร,1,แพ็ค,  42.00 ,1,แพ็ค, ฿ 42.00 ,20,แผ่น, ฿ 2.10 ,
191,SS-0090,กระเทียมดอง ตราแม่จินต์ ขนาด 870 กรัม,SS,90,แม็คโคร,1,กระปุก,  99.00 ,1,กระปุก, ฿ 99.00 ,870,กรัม, ฿ 0.11 ,
192,SS-0091,แม่ประนอม น้ำพริกเผาไทย 513 กรัม x 2 ขวด,SS,91,แม็คโคร,1,แพ็ค,  237.00 ,2,ขวด, ฿ 118.50 ,513,กรัม, ฿ 0.23 ,
201,SS-0092,แยมสตอเบอรี่ Beat Foods 1.9 กรัม,SS,92,แม็คโคร,1,กระปุก,  190.00 ,1,กระปุก, ฿ 190.00 ,1900,กรัม, ฿ 0.10 ,
202,SS-0093,แยมสับปะรด Beat Foods 1.9 กิโลกรัม,SS,93,แม็คโคร,1,กระปุก,  138.00 ,1900,กรัม, ฿ 0.07 ,1900,กรัม, ฿ 0.00 ,
203,SS-0094,แยมบูลเบอรี่ Beat Foods 900 กรัม,SS,94,แม็คโคร,1,ถุง,  90.00 ,1,ถุง, ฿ 90.00 ,900,กรัม, ฿ 0.10 ,
41,FF-0225,เครื่องแกงกะทิ,FF,225,ป้าโต้ย,1,กิโล,  120.00 ,1,กิโล, ฿ 120.00 ,1000,กรัม, ฿ 0.12 ,28/12/25
,SS-0095,เต้าเจี้ียว,SS,95,นาโยง,1,ขวด,  24.00 ,1,ขวด, ฿ 24.00 ,100,ml\, ฿ 0.24 ,
211,SS-0096,ตั๋งฉาย,SS,96,ตลาดสด,1,ถุง,  12.00 ,100,ถุง, ฿ 0.12 ,100,กรัม, ฿ 0.00 ,
212,SS-0097,ฟาร์มเฮ้าส์ ขนมปังโฮลวีต 500 กรัม (สีเขียว),SS,97,แม็คโคร,1,แพ็ค,  46.00 ,1,แพ็ค, ฿ 46.00 ,20,แผ่น, ฿ 2.30 ,
216,SS-0098,ขนมม่อหลาว (1 กิโล 4 ถุงเล็ก),SS,98,โกจิ้ว,1,กิโล,  270.00 ,1,กิโล, ฿ 270.00 ,4,ถุงเล็ก, ฿ 67.50 ,
217,SS-0099,ขนมพริกไทย (1 ถุงใหญ่ 10 ถุงเล็ก),SS,99,ตลาดสด,1,ถุงใหญ่,  100.00 ,10,ถุงเล็ก, ฿ 10.00 ,80,กรัม, ฿ 0.13 ,
218,SS-0100,ขนมผิง (1 ถุงใหญ่ 10 ถุงเล็ก),SS,100,ตลาดสด,1,ถุงใหญ่,  100.00 ,10,ถุงเล็ก, ฿ 10.00 ,80,กรัม, ฿ 0.13 ,
221,SS-0101,ริทซ์ แครกเกอร์ 300 กรัม,SS,101,แม็คโคร,1,กล่อง,  56.00 ,1,กล่อง, ฿ 56.00 ,300,กรัม, ฿ 0.19 ,
224,SS-0102,เนสท์เล่ ซีเรียล โกโก้ ครั้นซ์ 1500 กรัม,SS,102,แม็คโคร,1,แพ็ค,  395.00 ,1,แพ็ค, ฿ 395.00 ,1500,กรัม, ฿ 0.26 ,
225,SS-0103,เคลล็อกส์ คอร์นเฟลกส์ 500 กรัม,SS,103,แม็คโคร,1,กล่อง,  114.00 ,1,กล่อง, ฿ 114.00 ,500,กรัม, ฿ 0.23 ,
230,SS-0104,เบสท์ฟู้ดส์ สเปรด รสส้ม 1.9 กิโลกรัม,SS,104,แม็คโคร,1,กระปุก,  190.00 ,1,กระปุก, ฿ 190.00 ,1900,กรัม, ฿ 0.10 ,
231,SS-0105,นูเทลล่า เฮเซลนัทบดผสมโกโก้ 680 กรัม,SS,105,แม็คโคร,1,กระปุก,  378.00 ,1,กระปุก, ฿ 378.00 ,680,กรัม, ฿ 0.56 ,
232,SS-0106,ฮวยซัวเกรดเอ 250 กรัม,SS,106,แม็คโคร,1,แพ็ค,  102.00 ,1,แพ็ค, ฿ 102.00 ,250,กรัม, ฿ 0.41 ,
233,SS-0107,เก๋ากี้ 500 กรัม,SS,107,แม็คโคร,1,แพ็ค,  255.00 ,1,แพ็ค, ฿ 255.00 ,500,กรัม, ฿ 0.51 ,
234,SS-0108,คริสโป มะกอกเขียวในน้ำเกลือ 907 กรัม,SS,108,แม็คโคร,1,ขวด,  126.00 ,1,ขวด, ฿ 126.00 ,907,กรัม, ฿ 0.14 ,
238,SS-0109,ทับทิม น้ำมันถั่วเหลือง 1 ลิตร x 3 ขวด,SS,109,แม็คโคร,1,ลัง,  575.00 ,12,ขวด, ฿ 47.92 ,1000,มล., ฿ 0.05 ,
240,SS-0110,ลาโมลิซาน่า เพนเน่ ลิเช่ เบอร์18 500 กรัม,SS,110,แม็คโคร,1,แพ็ค,  70.00 ,1,แพ็ค, ฿ 70.00 ,500,กรัม, ฿ 0.14 ,
241,SS-0111,สกิปปี้ เนยถั่วทาขนมปัง ชนิดบดหยาบ 510 กรัม,SS,111,แม็คโคร,1,กระปุก,  190.00 ,1,กระปุก, ฿ 190.00 ,510,กรัม, ฿ 0.37 ,
243,SS-0112,คอปป สกาย อาหารเช้าซีเรียล รสน้ำผึ้ง 70 กรัม x 3 ซอง,SS,112,แม็คโคร,1,แพ็ค,  50.00 ,3,ซอง, ฿ 16.67 ,70,กรัม, ฿ 0.24 ,
250,SS-0113,สตรอว์เบอร์รี่อบแห้ง,SS,113,Shopee,1,กิโล,  500.00 ,1,กิโล, ฿ 500.00 ,1000,กรัม, ฿ 0.50 ,
251,SS-0114,ทองม้วน,SS,114,SK SUPPLY,1,กล่อง,  180.00 ,1,กล่อง, ฿ 180.00 ,500,กรัม, ฿ 0.36 ,
256,SS-0115,ไชโป๊ว,SS,115,ตลาดสด,1,กิโล,  70.00 ,1,ถุง, ฿ 70.00 ,1000,กรัม, ฿ 0.07 ,24/3/25
257,SS-0116,เกลือ เม็ดใหญ่ 1000 กรัม,SS,116,แม็คโคร,1,แพ็ค,  22.00 ,1,แพ็ค, ฿ 22.00 ,1000,กรัม, ฿ 0.02 ,
258,SS-0117,เบสท์ฟู้ดส์ เรียล มายองเนส 1 กิโลกรัม,SS,117,แม็คโคร,1,แพ็ค,  145.00 ,1,แพ็ค, ฿ 145.00 ,1000,กรัม, ฿ 0.15 ,
260,SS-0118,แอปเปิ้ล หนังยางวงเล็ก สีแดง แพ็ค 500 กรัม,SS,118,แม็คโคร,1,แพ็ค,  65.00 ,1,แพ็ค, ฿ 65.00 ,500,กรัม, ฿ 0.13 ,
262,SS-0119,เอโร่ ลูกเกดเหลือง 1000 กรัม,SS,119,แม็คโคร,1,ถุง,  165.00 ,1,ถุง, ฿ 165.00 ,1000,กรัม, ฿ 0.17 ,
263,SS-0120,แม็กกี้ ซอสเหยาะจิ้ม ขวดเพ็ท 100 มล. x 8 ขวด,SS,120,แม็คโคร,1,แพ็ค,  139.00 ,8,ขวด, ฿ 17.38 ,100,ขวด, ฿ 0.17 ,
264,SS-0121,แม็กกาแรต ซีเรียล มูสลี่ มัลติ ฟรุต 1.5 กก.,SS,121,แม็คโคร,1,แพ็ค,  348.00 ,1,แพ็ค, ฿ 348.00 ,1500,กรัม, ฿ 0.23 ,
266,SS-0122,"น้ำตาลทรายธรรมชาติ มิตรผล ขนาด 1,000 กรัม (ไม่ฟอกสี)",SS,122,แม็คโคร,1,ถุง,  42.00 ,1,ถุง, ฿ 42.00 ,1000,กรัม, ฿ 0.04 ,
164,FF-0226,เครื่องแกงคั่ว,FF,226,ป้าโต้ย,1,กิโล,  120.00 ,1,กิโล, ฿ 120.00 ,1000,กรัม, ฿ 0.12 ,
,SS-0123,เครื่องแกงส้ม,SS,123,ป้าโต้ย,1,กิโล,  120.00 ,1,กรัม, ฿ 120.00 ,1000,กรัม, ฿ 0.12 ,28/12/25
270,SS-0124,พัดโบก แป้งเค้ก 1 กิโลกรัม,SS,124,แม็คโคร,1,ถุง,  48.00 ,1,ถุง, ฿ 48.00 ,1000,กรัม, ฿ 0.05 ,
271,SS-0125,พริกไทยขาวป่น save pak 40กรัม*6ขวด,SS,125,แม็คโคร,1,แพ็ค,  34.00 ,6,ขวด, ฿ 5.67 ,40,กรัม, ฿ 0.14 ,
274,SS-0126,โบโนมิ บิสกิต เลดีฟิงเกอร์ 500 กรัม,SS,126,แม็คโคร,1,แพ็ค,  280.00 ,1,แพ็ค, ฿ 280.00 ,500,กรัม, ฿ 0.56 ,
281,SS-0127,เคยฉลู 100 กรัม,SS,127,ตลาดสด,1,ถุง,  25.00 ,1,ถุง, ฿ 25.00 ,100,กรัม, ฿ 0.25 ,
290,SS-0128,คนอร์ แป้งข้าวโพด 700 กรัม,SS,128,แม็คโคร,1,ถุง,  48.00 ,1,ถุง, ฿ 48.00 ,700,กรัม, ฿ 0.07 ,
291,SS-0129,กระเพาะปลาแห้งแบบหลอด,SS,129,ตลาดสด,1,ถุง,  350.00 ,1,ถุง, ฿ 350.00 ,500,กรัม, ฿ 0.70 ,
292,SS-0130,ปลากรอบ,SS,130,ตลาดสด,1,กิโล,  211.00 ,1,กิโล, ฿ 211.00 ,1000,กรัม, ฿ 0.21 ,
294,SS-0131,ตรามังกรคู่ น้ำมันงาจีน 630 มล.,SS,131,แม็คโคร,1,ขวด,  155.00 ,1,ขวด, ฿ 155.00 ,630,กรัม, ฿ 0.25 ,
297,SS-0132,เอโร่ ไม้จิ้มหัวน๊อต ขนาด 12 ซม. แพ็ค 100 ชิ้น,SS,132,แม็คโคร,1,กล่อง,  69.00 ,1,กล่อง, ฿ 69.00 ,100,ชิ้น, ฿ 0.69 ,
298,SS-0133,เกลือแกง (ถุงสีชมพู),SS,133,ตลาดสด,1,ถุง,  3.00 ,1,ถุง, ฿ 3.00 ,1,ถุง, ฿ 3.00 ,
300,SS-0134,COCO CHEX เคลล็อกส์ ซีเรียล โกโก้ เชคส์ 330 กรัม,SS,134,แม็คโคร,1,กล่อง,  120.00 ,330,กรัม, ฿ 0.36 ,1,กรัม, ฿ 0.36 ,
303,SS-0135,ใบชะมวง,SS,135,ตลาดสด,1,มัด,  12.00 ,1,มัด, ฿ 12.00 ,100,กรัม, ฿ 0.12 ,
304,SS-0136,ท็อปเชฟ สาหร่ายทะเลแห้ง 150 กรัม (แกงจืด),SS,136,แม็คโคร,1,แพ็ค,  139.00 ,1,แพ็ค, ฿ 139.00 ,150,กรัม, ฿ 0.93 ,
308,SS-0137,แป้งลอดช่องสิงคโปร์ 500 กรัม แช่แข็ง (มีครองแครงด้วย),SS,137,แม็คโคร,1,แพ็ค,  49.00 ,1,แพ็ค, ฿ 49.00 ,500,กรัม, ฿ 0.10 ,
309,SS-0138,ทาบาสโก้ ฮาบาเน่โรซอส 60 มิลลิลิตร,SS,138,แม็คโคร,1,ขวด,  80.00 ,1,ขวด, ฿ 80.00 ,60,กรัม, ฿ 1.33 ,
310,SS-0139,ลีแอนด์เพอร์รินซอสเปรี้ยววูตเตอร์ 150ซีซี,SS,139,TOPS,1,ขวด,  89.00 ,1,ขวด, ฿ 89.00 ,150,กรัม, ฿ 0.59 ,
312,SS-0140,แม็กกาแรต ผงเบคกิ้งโซดา 300 กรัม,SS,140,แม็คโคร,1,ถุง,  28.00 ,1,ถุง, ฿ 28.00 ,300,กรัม, ฿ 0.09 ,
313,SS-0141,เอโร่ ถ้วยซอสเพ็ท พร้อมฝา 1 ออนซ์ x 100 ใบ,SS,141,แม็คโคร,1,แพ็ค,  55.00 ,1,แพ็ค, ฿ 55.00 ,100,ใบ, ฿ 0.55 ,26/03/26
316,SS-0142,เต้าหู้ทอด,SS,142,ตลาดสด,1,ก้อน,  8.00 ,1,ก้อน, ฿ 8.00 ,1,ก้อน, ฿ 8.00 ,
319,SS-0143,กุ้งเสียบ,SS,143,ตลาดสด,1,กิโล,  700.00 ,1,กิโล, ฿ 700.00 ,1000,กรัม, ฿ 0.70 ,26/03/26
320,SS-0144,กุ้งแห้ง,SS,144,ตลาดสด,1,กิโล,  550.00 ,1,กิโล, ฿ 550.00 ,1000,กรัม, ฿ 0.55 ,
321,SS-0145,มะกรูด,SS,145,ตลาดสด,1,ลูก,  5.00 ,1,ลูก, ฿ 5.00 ,1,ลูก, ฿ 5.00 ,
326,SS-0146,ผงลาบสำเร็จรูป   คนอร์,SS,146,ตลาดสด,1,ถุง,  15.00 ,1,ถุง, ฿ 15.00 ,30,กรัม, ฿ 0.50 ,
331,SS-0147,กุ้งแห้งฝอย,SS,147,ตลาดสด,1,กรัม,  25.00 ,1,กรัม, ฿ 25.00 ,100,กรัม, ฿ 0.25 ,
332,SS-0148,กีวีอบแห้ง 1 กิโล,SS,148,Shopee,1,กิโล,  200.00 ,1,กิโล, ฿ 200.00 ,1000,กรัม, ฿ 0.20 ,
333,SS-0149,แป้งอเนกประสงค์ ตราว่าว 1 กิโล,SS,149,SK SUPPLY,1,ถุง,  33.00 ,1,ถุง, ฿ 33.00 ,1000,กรัม, ฿ 0.03 ,
334,SS-0150,CACAO BERRY ดาร์กช็อกโกแลต 70% 250 กรัม,SS,150,SK SUPPLY,1,ถุง,  165.00 ,1,ถุง, ฿ 165.00 ,250,กรัม, ฿ 0.66 ,
335,SS-0151,ผงโกโก้ ชนิดสีเข้ม ตราริช 500 กรัม,SS,151,SK SUPPLY,1,ถุง,  95.00 ,1,ถุง, ฿ 95.00 ,500,กรัม, ฿ 0.19 ,
336,SS-0152,อัลมอนด์สติ๊ก 200 กรัม,SS,152,SK SUPPLY,1,ถุง,  82.00 ,1,ถุง, ฿ 82.00 ,200,กรัม, ฿ 0.41 ,
339,SS-0153,เอโร่ เม็ดมะม่วงหิมพานต์ แบบเต็มเม็ด,SS,153,แม็คโคร,1,แพ็ค,  318.00 ,1,แพ็ค, ฿ 318.00 ,800,กรัม, ฿ 0.40 ,26/03/26
340,SS-0154,เซพแพ็ค สลัดครีมไขมันต่ำ,SS,154,แม็คโคร,1,ถุง,  75.00 ,1,ถุง, ฿ 75.00 ,1000,กรัม, ฿ 0.08 ,26/03/26
341,SS-0155,เพียวฟู้ดส์ น้ำสลัดงาซีอิ๊วญี่ปุ่น 850 กรัม,SS,155,แม็คโคร,1,ถุง,  119.00 ,1,ถุง, ฿ 119.00 ,850,กรัม, ฿ 0.14 ,
,SS-0156,ลี แอนด์ เพอร์รินส์ วูสเตอร์ไชร์ ซอสเปรี้ยว,SS,156,Tesco,1,ขวด,  90.00 ,1,ขวด, ฿ 90.00 ,150,กรัม, ฿ 0.60 ,
343,SS-0157,เอโร่ ผักรวมแช่แข็ง 1000 กรัม,SS,157,แม็คโคร,1,แพ็ค,  69.00 ,1,แพ็ค, ฿ 69.00 ,1000,กรัม, ฿ 0.07 ,
346,SS-0158,บีเคพี ซอสบาร์บีคิว 1000 กรัม,SS,158,แม็คโคร,1,ถุง,  119.00 ,1,ถุง, ฿ 119.00 ,1000,กรัม, ฿ 0.12 ,
348,SS-0159,ผงปาปิก้า  200 กรัม ตรามือที่ 1,SS,159,แม็คโคร,1,ถุง,  75.00 ,1,ถุง, ฿ 75.00 ,200,กรัม, ฿ 0.38 ,
349,SS-0160,ส้อมพลาสติกจิ้มผลไม้ สีใส,SS,160,SK SUPPLY,1,ถุง,  12.00 ,1,ถุง, ฿ 12.00 ,100,ชิ้น, ฿ 0.12 ,
354,SS-0161,อิมพีเรียล น้ำเชื่อมกลิ่นเมเปิ้ล 700 มิลลิลิตร,SS,161,แม็คโคร,1,ขวด,  92.00 ,1,ขวด, ฿ 92.00 ,700,กรัม, ฿ 0.13 ,26/03/26
357,SS-0162,ลูกชิ้นปลากลม 500 กรัม,SS,162,ตลาดสด,1,ถุง,  45.00 ,1,ถุง, ฿ 45.00 ,500,กรัม, ฿ 0.09 ,
358,SS-0163,เครื่องแกงเขียวหวาน,SS,163,ป้าโต้ย,1,กิโล,  160.00 ,1,กิโล, ฿ 160.00 ,100,กรัม, ฿ 1.60 ,
361,SS-0164,มหาชัย ก๋วยเตี๋ยวเส้นผัดไทยาว 1 กิโล,SS,164,แม็คโคร,1,แพ็ค,  38.00 ,1,แพ็ค, ฿ 38.00 ,1000,กรัม, ฿ 0.04 ,
363,SS-0165,มะพร้าวคั่วแบบเส้น (เมี่ยงคำ),SS,165,ตลาดสด,1,ถุง,  40.00 ,1,ถุง, ฿ 40.00 ,1,ถุง, ฿ 40.00 ,
365,SS-0166,แผ่นฟองเต้าหู้,SS,166,ตลาดสด,1,แผ่น,  10.00 ,1,แผ่น, ฿ 10.00 ,1,แผ่น, ฿ 10.00 ,
366,SS-0167,เอโร่ ไม้เสียบอาหาร ขนาด 6 นิ้ว 500 กรัม แพ็ค 2 ห่อ,SS,167,ตลาดสด,1,แพ็ค,  46.00 ,2,ห่อ, ฿ 23.00 ,500,กรัม, ฿ 0.05 ,
367,SS-0168,กือโป้ะ,SS,168,ตลาดสด,1,ถุง,  100.00 ,1,ถุง, ฿ 100.00 ,1,ถุง, ฿ 100.00 ,
370,SS-0169,เต้าเจี้ยวขาว,SS,169,ตลาดสด,1,ขวด,  20.00 ,1,ขวด, ฿ 20.00 ,400,กรัม, ฿ 0.05 ,
375,SS-0170,ซีเล็ค ทูน่าสเต็กในน้ำแร่ 165 กรัม x 4 กระป๋อง,SS,170,แม็คโคร,1,แพ็ค,  172.00 ,4,กระป๋อง, ฿ 43.00 ,165,กรัม, ฿ 0.26 ,
378,SS-0171,ไร่ทิพย์ ถั่วลิสงป่น 500 กรัม,SS,171,แม็คโคร,1,ถุง,  42.00 ,1,ถุง, ฿ 42.00 ,500,กรัม, ฿ 0.08 ,
379,SS-0172,ศิริเรืองอำไพ พริกชี้ฟ้าแห้งเด็ดก้าน 100 กรัม,SS,172,แม็คโคร,1,แพ็ค,  22.00 ,1,แพ็ค, ฿ 22.00 ,100,กรัม, ฿ 0.22 ,
380,SS-0173,ศรีราชาพานิช ซอสพริกเผ็ดกลาง 900 กรัม,SS,173,แม็คโคร,1,ถุง,  47.00 ,1,ถุง, ฿ 47.00 ,900,กรัม, ฿ 0.05 ,
384,SS-0174,โบนัส น้ำมันปาล์ม ปี๊บ 13.75 ลิตร,SS,174,แม็คโคร,1,ปิ๊บ,  920.00 ,1,ปิ๊บ, ฿ 920.00 ,1375,มล., ฿ 0.67 ,
385,SS-0175,ช้างสามเศียร เม็ดบัวลอย 500 กรัม,SS,175,แม็คโคร,1,แพ็ค,  45.00 ,1,แพ็ค, ฿ 45.00 ,500,กรัม, ฿ 0.09 ,
386,SS-0176,เส้นฟูซิลี่ข้าวสีนิลออร์แกนิค ตรามายช้อยส์,SS,176,Tops,1,กล่อง,  75.00 ,1,กล่อง, ฿ 75.00 ,250,กรัม, ฿ 0.30 ,
387,SS-0177,มันกุ้งเสวย ตราพ่อขวัญ,SS,177,Tops,1,กระปุก,  99.00 ,1,กระปุก, ฿ 99.00 ,100,กรัม, ฿ 0.99 ,
388,SS-0178,กระดาษไข ห่อขนม แบบลาย food grade,SS,178,SK SUPPLY,1,แพ็ค,  75.00 ,1,แพ็ค, ฿ 75.00 ,100,ใบ, ฿ 0.75 ,
389,SS-0179,เทปกาวย่น 24 มม X 20 หลา,SS,179,แม็คโคร,1,แพ็ค,  99.00 ,1,แพ็ค, ฿ 99.00 ,6,ม้วน, ฿ 16.50 ,
390,SS-0180,วุ้นเส้นตรากิเลนคู่ 500 กรัม,SS,180,แม็คโคร,1,แพ็ค,  20.00 ,1,แพ็ค, ฿ 20.00 ,500,กรัม, ฿ 0.04 ,
391,SS-0181,ไม่มีรายการ แต่รหัสรันไปแล้ว,SS,181,แม็คโคร,1,แพ็ค,  50.00 ,1,แพ็ค, ฿ 50.00 ,500,กรัม, ฿ 0.10 ,
392,SS-0182,Balsamic Vinegar,SS,182,แม็คโคร,1,ขวด,  270.00 ,1,ขวด, ฿ 270.00 ,500,กรัม, ฿ 0.54 ,
393,SS-0183,ตรานางเงือก ผงวุ้น ซองสีเขียว 25 กรัม x 2 ซอง,SS,183,แม็คโคร,1,แพ็ค,  80.00 ,2,ซอง, ฿ 40.00 ,1,ซอง, ฿ 40.00 ,
394,SS-0184,ฟู้ดเทค โปรตีนถั่วเหลือง เบอร์ 4 1000 กรัม,SS,184,แม็คโคร,1,แพ็ค,  120.00 ,1,แพ็ค, ฿ 120.00 ,1000,กรัม, ฿ 0.12 ,
395,SS-0185,ฟู้ดเทค โปรตีนถั่วเหลืองเส้น 1000 กรัม,SS,185,แม็คโคร,1,แพ็ค,  129.00 ,1,แพ็ค, ฿ 129.00 ,1000,กรัม, ฿ 0.13 ,
396,SS-0186,น้ำจิ้มบ๊วย ตราเซพแพ็ค,SS,186,แม็คโคร,1,แพ็ค,  32.00 ,1,แพ็ค, ฿ 32.00 ,1000,กรัม, ฿ 0.03 ,
397,SS-0187,เพียวฟู้ดส์ น้ำสลัดครีมงาคั่วสไตล์ญี่ปุ่น 850 กรัม,SS,187,แม็คโคร,1,แพ็ค,  159.00 ,1,แพ็ค, ฿ 159.00 ,850,กรัม, ฿ 0.19 ,
398,SS-0188,เอโร่ น้ำสลัดครีมสูตรเจ 1000 กรัม,SS,188,แม็คโคร,1,แพ็ค,  70.00 ,1,แพ็ค, ฿ 70.00 ,1000,กรัม, ฿ 0.07 ,
399,SS-0189,ถ้วยเฟสท์ช้อยส์ 850 มล.,SS,189,SK,1,แพ็ค,  120.00 ,1,แพ็ค, ฿ 120.00 ,50,ใบ, ฿ 2.40 ,
400,SS-0190,ถุง PE หูหิ้ว 8X16 นิ้ว,SS,190,SK,1,แพ็ค,  75.00 ,1,แพ็ค, ฿ 75.00 ,1,ใบ, ฿ 75.00 ,
401,SS-0191,กล่องอาหาร 2 ชั้น ตราเอโร่ 750 มล,SS,191,แม็คโคร,1,แพ็ค,  99.00 ,1,แพ็ค, ฿ 99.00 ,25,ใบ, ฿ 3.96 ,
402,SS-0192,ชุดช้อนส้อมใส ขนาด 15 ซม.,SS,192,แม็คโคร,1,แพ็ค,  59.00 ,1,แพ็ค, ฿ 59.00 ,100,ชิ้น, ฿ 0.59 ,
403,SS-0193,เกรซซิมเปิล ถาด 25 X 19 ซม,SS,193,แม็คโคร,1,แพ็ค,  220.00 ,1,แพ็ค, ฿ 220.00 ,50,ชิ้น, ฿ 4.40 ,
404,SS-0194,aRO น้ำสลัดงาคั่วญี่ปุ่น ขนาด 500 กรัม,SS,194,แม็คโคร,1,แพ็ค,  89.00 ,1,แพ็ค, ฿ 89.00 ,25,ชิ้น, ฿ 3.56 ,
405,SS-0195,เอโร่ ตะเกียบไม้ไผ่ 22 ซม. ห่อพลาสติก แพ็ค 100 คู่,SS,195,แม็คโคร,1,แพ็ค,  35.00 ,1,แพ็ค, ฿ 35.00 ,100,คู่, ฿ 0.35 ,
406,SS-0196,ถ้วย PP No.777 ฝาฉีกทอง  5-6 OZ 20 ใบ,SS,196,SK SUPPLY,1,แพ็ค,  45.00 ,1,แพ็ค, ฿ 45.00 ,20,ใบ, ฿ 2.25 ,
407,SS-0197,ถาดเกี่ยว กระดาษน้ำตาลใหญ่ 4.5X7.5 นิ้ว 100 ใบ,SS,197,SK SUPPLY,1,แพ็ค,  106.00 ,1,แพ็ค, ฿ 106.00 ,100,ใบ, ฿ 1.06 ,
408,SS-0198,ซีอิ๊วดำฉลากส้ม ตราเด็กสมบูรณ์ ขนาด 940ก.,SS,198,แม็คโคร,1,ขวด,  75.00 ,1,ขวด, ฿ 75.00 ,940,กรัม, ฿ 0.08 ,
409,SS-0199,ภูเขาทอง ซอสปรุงรส ฝาเขียว 1 ลิตร x 3 ขวด,SS,199,แม็คโคร,1,แพ็ค,  147.00 ,3,ขวด, ฿ 49.00 ,1000,กรัม, ฿ 0.05 ,
410,SS-0200,"เด็กสมบูรณ์ ซีอิ๊วขาวสูตร1 1,000 มล.",SS,200,แม็คโคร,1,ขวด,  59.00 ,1,ขวด, ฿ 59.00 ,1000,กรัม, ฿ 0.06 ,
411,SS-0201,ARO น้ำสลัดงาคั่วญี่ปุ่น ขนาด 500 กรัม,SS,201,แม็คโคร,1,แพ็ค,  63.00 ,1,แพ็ค, ฿ 63.00 ,500,กรัม, ฿ 0.13 ,27/3/26
412,SS-0202,เกรซ ซิมเปิล จานวงรีขอบสี่เหลี่ยม ขนาด 6.5 นิ้ว x 50 ใบ,SS,202,แม็คโคร,1,แพ็ค,  90.00 ,50,ใบ, ฿ 1.80 ,1,ใบ, ฿ 1.80 ,
413,SS-0203,Super Pack กระดาษ 160 CC ขาวล้วน 50 ใบ,SS,203,SK,1,แพ็ค,  47.00 ,50,ใบ, ฿ 0.94 ,1,ใบ, ฿ 0.94 ,
414,SS-0204,พริกแกงกะทิ (เจ),SS,204,สลักศิลป์,1,แพ็ค,  18.00 ,1,แพ็ค, ฿ 18.00 ,100,กรัม, ฿ 0.18 ,
415,SS-0205,สีผสมอาหารตราวินเนอร์สีส้ม,SS,205,SK,1,ขวด,  16.00 ,1,ขวด, ฿ 16.00 ,28,กรัม, ฿ 0.57 ,
416,SS-0206,ทิพรส น้ำปลาแท้ ขวดเพ็ท 1500 มล,SS,206,แม็คโคร,1,ขวด,  52.00 ,1,ขวด, ฿ 52.00 ,1500,กรัม, ฿ 0.03 ,
417,SS-0207,เด็กสมบูรณ์ ซอสเปรี้ยว จิ๊กโฉ่ว เจ 700 มล.,SS,207,Big C,1,ขวด,  46.00 ,1,ขวด, ฿ 46.00 ,700,กรัม, ฿ 0.07 ,
418,SS-0208,ยี่หร่า,SS,208,แม็คโคร,1,แพ็ค,  67.00 ,1,แพ็ค, ฿ 67.00 ,300,กรัม, ฿ 0.22 ,
419,SS-0209,เต้าหู้ยี้แดง,SS,209,ตลาดสด,1,กระปุก,  35.00 ,1,กระปุก, ฿ 35.00 ,300,กรัม, ฿ 0.12 ,28/3/25
420,SS-0210,พริกเเกงเผ็ด,SS,210,ตลาดสด,1,กิโล,  130.00 ,1,กิโล, ฿ 130.00 ,1000,กรัม, ฿ 0.13 ,
421,SS-0211,เม็ดผักชี 250 กรัม,SS,211,แม็คโคร,1,แพ็ค,  35.00 ,1,แพ็ค, ฿ 35.00 ,250,กรัม, ฿ 0.14 ,
422,SS-0212,เบสท์ฟู้ดส์ ผงฟู,SS,212,แม็คโคร,1,แพ็ค,  110.00 ,1,แพ็ค, ฿ 110.00 ,1000,กรัม, ฿ 0.11 ,
423,SS-0213,CACAO BERRY ดาร์กช็อกโกแลต 70% 250 กรัม,SS,213,SK SUPPLY,1,แพ็ค,  165.00 ,1,แพ็ค, ฿ 165.00 ,250,กรัม, ฿ 0.66 ,
424,SS-0214,สังขยาไข่,SS,214,ซินจิว,1,กระปุก,  150.00 ,1,กระปุก, ฿ 150.00 ,500,กรัม, ฿ 0.30 ,
425,SS-0215,ซันไลต์ น้ำยาล้างจาน เลมอนเทอร์โบ ขนาด 3600 มล.,SS,215,แม็คโคร,1,แกลลอน,  162.00 ,1,แกลลอน, ฿ 162.00 ,3600,มล., ฿ 0.05 ,
426,SS-0216,ช้างสามเศียร แป้งข้าวเจ้า 1 กก.,SS,216,แม็คโคร,1,ถุง,  36.00 ,1,ถุง, ฿ 36.00 ,1000,กรัม, ฿ 0.04 ,
427,SS-0217,มะพร้าวขูดขาว (ทำขนม),SS,217,ตลาดสด,1,กิโล,  90.00 ,1,กิโล, ฿ 90.00 ,1000,กรัม, ฿ 0.09 ,26/03/26
428,SS-0218,เบสท์โอเดอร์ สีผสมอาหาร สีแดง 30 มล.,SS,218,แม็คโคร,1,ขวด,  18.00 ,1,ขวด, ฿ 18.00 ,30,กรัม, ฿ 0.60 ,
429,SS-0219,ผงปรุงอาหารรสไก่ ตรารสดี/รสดีไก่ 800 กรัม,SS,219,ตลาดสด,1,ถุง,  125.00 ,800,กรัม, ฿ 0.16 ,1,กรัม, ฿ 0.16 ,
430,SS-0220,จอมยุทธ์ น้ำจิ้มลูกชิ้นเผ็ด 1 กก,SS,220,แม็คโคร,1,ถุง,  32.00 ,1,ถุง, ฿ 32.00 ,1000,กรัม, ฿ 0.03 ,
431,SS-0221,หมี่ซั่วเหลืองเจ,SS,221,ตลาดสด,1,แพ็ค,  30.00 ,1,แพ็ค, ฿ 30.00 ,314,กรัม, ฿ 0.10 ,
432,SS-0222,ข้าวเบายอดม่วง,SS,222,สุวดี สมาธิ,1,กก.,  70.00 ,1,กก., ฿ 70.00 ,1000,กรัม, ฿ 0.07 ,
433,SS-0223,ไร่ทิพย์ ข้าวคั่ว 500 กรัม,SS,223,แม็คโคร,1,แพ็ค,  32.00 ,1,แพ็ค, ฿ 32.00 ,500,กรัม, ฿ 0.06 ,
434,SS-0224,ซีอิ๊วขาวตราแกะ,SS,224,ฮอยควั่น,1,ขวด,  17.50 ,1,ขวด, ฿ 17.50 ,630,มล., ฿ 0.03 ,
435,SS-0225,ไวไว เส้นหมี่อบแห้ง 180 กรัม*12,SS,225,Makro,1,ห่อ,  15.00 ,1,ห่อ, ฿ 15.00 ,180,กรัม, ฿ 0.08 ,
436,SS-0226,ข้าวเกรียบกุ้งดิบ ตรามโนราห์ ขนาด 500 กรัม,SS,226,ตลาดสด,1,ถุง,  100.00 ,1,ถุง, ฿ 100.00 ,500,กรัม, ฿ 0.20 ,
437,SS-0227,พริกหม่าล่า 200 กรัม,SS,227,Makro,1,แพ็ค,  82.00 ,200,กรัม, ฿ 0.41 ,1,กรัม, ฿ 0.41 ,
438,SS-0228,ยี่หร่าป่น,SS,228,Makro,1,แพ็ค,  50.00 ,200,กรัม, ฿ 0.25 ,1,กรัม, ฿ 0.25 ,
439,SS-0229,ข้าวโพดหวาน,SS,229,ตลาดสด,1,กิโล,  20.00 ,1,กิโล, ฿ 20.00 ,1000,กรัม, ฿ 0.02 ,
440,SS-0230,ถั่วอบเกลือสามชนิด ( ถั่วลิสง ถั่วปากอ้า ถั่วลันเตา),SS,230,ตลาดสด,1,แพ็ค,  80.00 ,10,ถุงเล็ก, ฿ 8.00 ,1,แพ็ค, ฿ 8.00 ,
441,SS-0231,แม่ประนอม น้ำพริกเผาไทย สูตรต้มยำ 900 ก.,SS,231,Makro,1,กระปุก,  110.00 ,1,ขวด, ฿ 110.00 ,900,กรัม, ฿ 0.12 ,
442,SS-0232,พริกจินดาแห้ง เด็ดก้าน 500 กรัม,SS,232,Makro,1,แพ็ค,  109.00 ,500,กรัม, ฿ 0.22 ,1,กรัม, ฿ 0.22 ,
443,SS-0233,ขนมหนวดกุ้ง,SS,233,ตลาดสด,1,ปิ๊บ,  275.00 ,2000,กรัม, ฿ 0.14 ,1,ชิ้น, ฿ 0.14 ,
444,SS-0234,เครื่องแกงพแนง,SS,234,ตลาดสด,1,กิโล,  130.00 ,1,กิโล, ฿ 130.00 ,1,กรัม, ฿ 130.00 ,
445,SS-0235,Bertolli Balsamic Vinegar 500 ml.,SS,235,Makro,1,ขวด,  279.00 ,1,ขวด, ฿ 279.00 ,500,กรัม, ฿ 0.56 ,
446,SS-0236,เอโร่ สาหร่ายคอมบุ 100 ก.,SS,236,Makro,1,แพ็ค,  70.00 ,1,แพ็ค, ฿ 70.00 ,100,กรัม, ฿ 0.70 ,
447,SS-0237,เหล้าขาวไทย 40 ดีกรี ขนาด 625 มล.,SS,237,ตลาดสด,1,ขวด,  80.00 ,1,ขวด, ฿ 80.00 ,625,มล., ฿ 0.13 ,
448,SS-0238,ตราช้างสามเศียร แป้งข้าวเหนียว 1 กก.,SS,238,ตลาดสด,1,ถุุง,  50.00 ,1,กิโล, ฿ 50.00 ,1000,กรัม, ฿ 0.05 ,
449,SS-0239,น้ำตาลแว่น 1 กิโล,SS,239,ตลาดสด,1,กิโล,  45.00 ,1,กิโล, ฿ 45.00 ,1000,กรัม, ฿ 0.05 ,
450,SS-0240,แป้งถั่วเขียว ตราต้นสน 500 กรัม,SS,240,ตลาดสด,1,ถุง,  97.00 ,1,ถุง, ฿ 97.00 ,500,กรัม, ฿ 0.19 ,
451,SS-0241,บูดูเฮงสายบุรี ปัตตานี,SS,241,ตลาดสด,1,ขวด,  40.00 ,1,ขวด, ฿ 40.00 ,150,กรัม, ฿ 0.27 ,03/03/25
452,SS-0242,เมล็ดเจีย,SS,242,Shopee,1,กล่อง,  140.00 ,1,กล่อง, ฿ 140.00 ,1,กล่อง, ฿ 140.00 ,
453,SS-0243,โอวัลติน นมยูเอชที สลิม รสมอลต์ช็อกโกแลต 180 มล. x 4,SS,243,ตลาดสด,1,แพ็ค,  40.00 ,4,กล่อง, ฿ 10.00 ,180,มล., ฿ 0.06 ,
454,SS-0244,ตราแม่ครัว ซอสหอยนางรม 600 มล. x 3,SS,244,แม็คโคร,1,แพ็ค,  151.00 ,3,ขวด, ฿ 50.33 ,600,มล., ฿ 0.08 ,
455,SS-0245,รสดี ผงปรุงอาหาร รสหมู ขนาด 800 กรัม,SS,245,ตลาดสด,1,ซอง,  98.00 ,1,ซอง, ฿ 98.00 ,800,กรัม, ฿ 0.12 ,
456,SS-0246,อายิโนะโมะโต๊ะผงชูรส 500กรัม,SS,246,ตลาดสด,1,ซอง,  52.00 ,1,ซอง, ฿ 52.00 ,500,กรัม, ฿ 0.10 ,
457,SS-0247,คาร์เนชั่น นมข้นจืด 405 กรัม (สำหรับปรุงอาหารและเบเกอรี่),SS,247,ตลาดสด,1,กระป๋อง,  25.00 ,1,กระป๋อง, ฿ 25.00 ,405,กรัม, ฿ 0.06 ,
458,SS-0248,สีผสมอาหาร (สีส้ม),SS,248,ตลาดสด,1,ซอง,  3.00 ,1,กรัม, ฿ 3.00 ,1,กรัม, ฿ 3.00 ,
459,SS-0249,ปืนยิงแก๊ส,SS,249,รัษฏาแก๊ส,1,ชิ้น,  100.00 ,1,ชิ้น, ฿ 100.00 ,1,ชิ้น, ฿ 100.00 ,
460,SS-0250,เอโร่ อัลมอลด์แท่ง 1 กก.,SS,250,แม็คโคร,1,แพ็ค,  429.00 ,1,แพ็ค, ฿ 429.00 ,1000,กรัม, ฿ 0.43 ,
342,SS-0251,ลี แอนด์ เพอร์รินส์ วูสเตอร์ไชร์ ซอสเปรี้ยว ,SS,251,Tesco,1,ขวด,  90.00 ,1,ขวด, ฿ 90.00 ,150,กรัม, ฿ 0.60 ,
343,SS-0252,อร่อยดี กะทิ 100 เปอร์เซ็น 1 ล.*12 หน่วย,SS,252,Makro,1,ลัง,  820.00 ,12,กล่อง, ฿ 68.33 ,1000,มม., ฿ 0.07 ,
344,SS-0253,ข้าวม่าว,SS,253,ตลาดสด,1,กิโล,  70.00 ,1000,กรัม, ฿ 0.07 ,1,กรััม, ฿ 0.07 ,
345,SS-0254,ซอสผัดสำเร็จ,SS,254,ผลิตเอง,520,กรัม,  48.00 ,520,กรัม, ฿ 0.09 ,1,กรััม, ฿ 0.09 ,
346,FF-0227,ปลาเค็มแอนโชวี่ในน้ำมันมะกอก 50 กรัม,FF,227,น้าอ้อย,1,กล่อง,  100.00 ,1,กล่อง, ฿ 100.00 ,50,ลูก, ฿ 2.00 ,
347,SS-0255,ผักบุ้งบ้าน,SS,255,ตลาดสด,1,มัด,12.00,1,มัด, ฿ 12.00 ,1,มัด, ฿ 0.24 ,31/3/25
348,SS-0256,มะระ,SS,256,ตลาดสด,1,ลูก,  55.00 ,600,กรัม, ฿ 0.09 ,1,กรัม, ฿ 0.09 ,31/3/25
349,SS-0257,มาม่า บะหมี่กึ่งสำเร็จรูป รสต้มยำกุ้ง 55 ก. 10 ซอง,SS,257,Makro,1,แพ็ค,  65.00 ,10,ห่อ, ฿ 6.50 ,1,ห่อ, ฿ 6.50 ,17/4/25
350,SS-0258,ซันไลต์ น้ำยาล้างจาน เลมอน 20 ล.,SS,258,Makro,1,ถัง,  820.00 ,20,L, ฿ 41.00 ,1,L, ฿ 41.00 ,3/5/25
351,FZ-0056,เอโร่ พอร์คชอปแช่แข็ง 930 ก.,FZ,56,Makro,1,ถูง,  219.00 ,4,ชิ้น, ฿ 54.75 ,1,ชิ้น, ฿ 54.75 ,
352,FZ-0057,ปลาปลาโอย่าง,FZ,57,ตลาดสด,1,ตัว,  40.00 ,1,ตัว, ฿ 40.00 ,1,ตัว, ฿ 40.00 ,
353,SS-0259,ใบเล็บครุฑ,SS,259,ตลาดสด,1,มัด,  30.00 ,150,กรัม, ฿ 0.20 ,1,กรััม, ฿ 0.20 ,
354,SS-0260,น้ำตาลจาก,SS,260,GM,1,โหล,  100.00 ,1,โหล,  100.00 ,150,มล., ฿ 0.67 ,
355,SS-0261,ใบส้มม่าว,SS,261,ตลาดสด,1,มัด,  30.00 ,150,กรัม, ฿ 0.20 ,1,กรััม, ฿ 0.20 ,
356,FB-0001,Ice-cream kati ruam mitr 80 ml,FB,1,ETE,1,ลัง,  392.52 ,12,ถ้วย, ฿ 32.71 ,1,ถ้วย, ฿ 32.71 ,17/4/25
357,SS-0262,มาร์ชี่ส์ มาร์ชแมลโลว์ สีขาว เม็ดใหญ่ กลิ่นวานิลลา 150 ก.,SS,262,Makro,1,ถูง,  42.00 ,150,กรัม, ฿ 0.28 ,1,กรัม, ฿ 0.28 ,24/5/25
358,SS-0263,ปืนยิงแก๊ส,SS,263,ทุกอย่าง 20 บาท,1,อัน,  20.00 ,1,ชิ้ิ้น, ฿ 20.00 ,1,ชิ้ิ้น, ฿ 20.00 ,26/6/25
359,FB-0002,Ice-cream kati ruam mitr 80 ml,FB,2,ETE,1,ลัง,  392.52 ,12,ถ้วย, ฿ 32.71 ,1,ถ้วย, ฿ 32.71 ,24/7/25
360,FB-0003,Ice-cream vanilla bean 100ml/85g,FB,3,ETE,1,ลัง,  538.32 ,12,ถ้วย, ฿ 44.86 ,1,ถ้วย, ฿ 44.86 ,24/7/25
361,FF-0228,กุ้งขาว (40-50 ตัวโล),FF,228,ตลาดสด,1,กิโล,  290.00 ,45,ตัว, ฿ 6.44 ,1,ตัว, ฿ 6.44 ,
362,AS-0035,จานบัว ขาวเนื้อทราย 12 นิ้ว,AS,35,TD,1,ใบ,  125.00 ,1,ใบ,  125.00 ,1,ใบ,125.00,28/12/25
363,AS-0036,จานก้นลึก เขียวเทา 9 นิ้ว,AS,36,TD,1,ใบ,  55.00 ,1,ใบ,  55.00 ,1,ใบ,55.00,28/12/25
364,AS-0037,ถ้วย เขียวเทา 7 นิ้ว,AS,37,TD,1,ใบ,  55.00 ,1,ใบ,  55.00 ,1,ใบ,55.00,28/12/25
365,AS-0038,จานก้นลึก ดำ 12 นิ้ว,AS,38,TD,1,ใบ,  95.00 ,1,ใบ,  95.00 ,1,ใบ,95.00,28/12/25
366,AS-0039,ถ้วย เหลืองมัสตาด 8 นิ้ว,AS,39,TD,1,ใบ,  65.00 ,1,ใบ,  65.00 ,1,ใบ,65.00,28/12/25
367,SS-0264,แก็ส LPG 48 Kg,SS,264,รัษฎาแก็ส,1,ถัง,"  1,355.00 ",48,kg, ฿ 28.23 ,1,kg, ฿ 28.23 ,28/12/25
368,FZ-0058,เอโร่ พาร์เมซานชีสก้อน 1 กก.,FZ,58,แม็คโคร,1,ถุง,  580.00 ,1000,กรัม, ฿ 0.58 ,1,กรัม, ฿ 0.58 ,16/1/26
369,FZ-0059,เจด ดราก้อน มินิหมั่นโถว 500 ก. 20 ชิ้น,FZ,59,แม็คโคร,1,แพ็ค,  95.00 ,1,แพ็ค, ฿ 95.00 ,20,ชิ้น, ฿ 4.75 ,28/2/26
370,FF-0229,เอโร่ มินิครัวซองต์,FF,229,แม็คโคร,1,แพ็ค,  120.00 ,20,ชิ้น, ฿ 6.00 ,1,ชิ้น, ฿ 6.00 ,15/3/26
371,FF-0230,คิวบิก ขนมปังฝรั่งเศส ขนาด340กรัม,FF,230,แม็คโคร,1,แพ็ค,  39.00 ,1,ชิ้น, ฿ 39.00 ,1,ชิ้น, ฿ 39.00 ,15/3/26
372,FF-0231,ไข่ไก่เบอร์ 6,FF,231,ตลาดสด,1,แผง,  85.00 ,30,ลููก, ฿ 2.83 ,1,ลููก, ฿ 2.83 ,15/3/26
373,SS-0265,ตราฉัตร ข้าวหอม 100% 5 กก. สีม่วง,SS,265,แม็คโคร,1,ถุง,  149.00 ,5000,กรัม, ฿ 0.03 ,1,กรัม, ฿ 0.03 ,27/3/2026
374,SS-0266,เอโร่ น้ำสลัดงาผสมซีอิ๊วญี่ปุ่น 500 ก.,SS,266,แม็คโคร,1,ถุง,  55.00 ,500,กรัม, ฿ 0.11 ,1,กรัม, ฿ 0.11 ,27/3/2026
375,FF-0232,หมูสองตัว แซนวิชแฮม 500 ก.,FF,232,แม็คโคร,1,ถุง,  177.00 ,500,กรัม, ฿ 0.35 ,1,กรัม, ฿ 0.35 ,27/3/2026
376,FF-0233,เอโร่ โบโลน่าหมู 1 กก.,FF,233,แม็คโคร,1,ถุง,  155.00 ,1000,กรัม, ฿ 0.16 ,1,กรัม, ฿ 0.16 ,27/3/2026
377,SS-0267,นูดดี้ บะหมี่กึ่งสำเร็จรูป 21ก้อน 945 กรัม,SS,267,แม็คโคร,1,ถุง,  63.00 ,945,กรัม, ฿ 0.07 ,1,กรัม, ฿ 0.07 ,
378,FF-0234,สะโพกหมู ,FF,234,แม็คโคร,1,กิโล,  104.00 ,1000,กรัม, ฿ 0.10 ,1,กรัม, ฿ 0.10 ,30/4/26
379,SS-0268,เบอร์ทอลลี่ น้ำส้มสายชูหมักจากไวน์แดง 500 ก.,SS,268,แม็คโคร,1,ขวด,  198.00 ,500,กรัม, ฿ 0.40 ,1,กรัม, ฿ 0.40 ,10/5/26
380,SS-0269,ตราปลาไส้ตัน น้ำปลาพริก 7 ก. 50 ชิ้น,SS,269,แม็คโคร,1,ถุง,  27.00 ,50,ซอง, ฿ 0.54 ,1,ซอง, ฿ 0.54 ,24/5/26
381,-0000,,,0,,,,,,,#DIV/0!,,,#DIV/0!,
382,-0000,,,0,,,,,,,#DIV/0!,,,#DIV/0!,
383,-0000,,,0,,,,,,,#DIV/0!,,,#DIV/0!,
384,-0000,,,0,,,,,,,#DIV/0!,,,#DIV/0!,
385,-0000,,,0,,,,,,,#DIV/0!,,,#DIV/0!,
386,-0000,,,0,,,,,,,#DIV/0!,,,#DIV/0!,
387,-0000,,,0,,,,,,,#DIV/0!,,,#DIV/0!,
,,,,,,,,,,,,,,,
,,,,,,,,,,,,,,,
,,,,,,,,,,,,,,,
,,,,,,,,,,,,,,,
,,,,,,,,,,,,,,,
,,,,,,,,,,,,,,,
,,,,,,,,,,,,,,,
,,,,,,,,,,,,,,,
,,,,,,,,,,,,,,,
,,,,,,,,,,,,,,,
,,,,,,,,,,,,,,,
,,,,,,,,,,,,,,,
,,,,,,,,,,,,,,,
,,,,,,,,,,,,,,,
,,,,,,,,,,,,,,,
,,,,,,,,,,,,,,,
,,,,,,,,,,,,,,,
,,,,,,,,,,,,,,,
,,,,,,,,,,,,,,,
,,,,,,,,,,,,,,,
,,,,,,,,,,,,,,,
,,,,,,,,,,,,,,,
,,,,,,,,,,,,,,,
,,,,,,,,,,,,,,,
,,,,,,,,,,,,,,,
,,,,,,,,,,,,,,,
,,,,,,,,,,,,,,,
,,,,,,,,,,,,,,,
,,,,,,,,,,,,,,,
,,,,,,,,,,,,,,,
,,,,,,,,,,,,,,,
,,,,,,,,,,,,,,,
,,,,,,,,,,,,,,,
,,,,,,,,,,,,,,,
,,,,,,,,,,,,,,,
,,,,,,,,,,,,,,,
,,,,,,,,,,,,,,,
,,,,,,,,,,,,,,,
,,,,,,,,,,,,,,,
,,,,,,,,,,,,,,,
,,,,,,,,,,,,,,,
,,,,,,,,,,,,,,,
,,,,,,,,,,,,,,,
,,,,,,,,,,,,,,,
,,,,,,,,,,,,,,,
,,,,,,,,,,,,,,,
,,,,,,,,,,,,,,,
,,,,,,,,,,,,,,,
,,,,,,,,,,,,,,,
,,,,,,,,,,,,,,,
,,,,,,,,,,,,,,,
,,,,,,,,,,,,,,,
,,,,,,,,,,,,,,,
,,,,,,,,,,,,,,,
,,,,,,,,,,,,,,,
,,,,,,,,,,,,,,,
,,,,,,,,,,,,,,,
,,,,,,,,,,,,,,,
,,,,,,,,,,,,,,,
,,,,,,,,,,,,,,,
,,,,,,,,,,,,,,,
,,,,,,,,,,,,,,,
,,,,,,,,,,,,,,,
,,,,,,,,,,,,,,,
,,,,,,,,,,,,,,,
,,,,,,,,,,,,,,,
,,,,,,,,,,,,,,,
,,,,,,,,,,,,,,,
,,,,,,,,,,,,,,,
,,,,,,,,,,,,,,,
,,,,,,,,,,,,,,,
,,,,,,,,,,,,,,,
,,,,,,,,,,,,,,,
,,,,,,,,,,,,,,,
,,,,,,,,,,,,,,,
,,,,,,,,,,,,,,,
,,,,,,,,,,,,,,,
,,,,,,,,,,,,,,,
,,,,,,,,,,,,,,,
,,,,,,,,,,,,,,,
,,,,,,,,,,,,,,,
,,,,,,,,,,,,,,,
,,,,,,,,,,,,,,,
,,,,,,,,,,,,,,,
,,,,,,,,,,,,,,,
,,,,,,,,,,,,,,,
,,,,,,,,,,,,,,,
,,,,,,,,,,,,,,,
,,,,,,,,,,,,,,,
,,,,,,,,,,,,,,,
,,,,,,,,,,,,,,,
,,,,,,,,,,,,,,,
,,,,,,,,,,,,,,,
,,,,,,,,,,,,,,,
,,,,,,,,,,,,,,,
,,,,,,,,,,,,,,,
,,,,,,,,,,,,,,,
,,,,,,,,,,,,,,,
,,,,,,,,,,,,,,,
,,,,,,,,,,,,,,,
,,,,,,,,,,,,,,,
,,,,,,,,,,,,,,,
,,,,,,,,,,,,,,,
,,,,,,,,,,,,,,,
,,,,,,,,,,,,,,,
,,,,,,,,,,,,,,,
,,,,,,,,,,,,,,,
,,,,,,,,,,,,,,,
,,,,,,,,,,,,,,,
,,,,,,,,,,,,,,,
,,,,,,,,,,,,,,,
,,,,,,,,,,,,,,,
,,,,,,,,,,,,,,,
,,,,,,,,,,,,,,,
,,,,,,,,,,,,,,,
,,,,,,,,,,,,,,,
,,,,,,,,,,,,,,,
,,,,,,,,,,,,,,,
,,,,,,,,,,,,,,,
,,,,,,,,,,,,,,,
,,,,,,,,,,,,,,,
,,,,,,,,,,,,,,,
,,,,,,,,,,,,,,,
,,,,,,,,,,,,,,,
,,,,,,,,,,,,,,,
,,,,,,,,,,,,,,,
,,,,,,,,,,,,,,,
,,,,,,,,,,,,,,,
,,,,,,,,,,,,,,,
,,,,,,,,,,,,,,,
,,,,,,,,,,,,,,,
,,,,,,,,,,,,,,,
,,,,,,,,,,,,,,,
,,,,,,,,,,,,,,,
,,,,,,,,,,,,,,,
,,,,,,,,,,,,,,,
,,,,,,,,,,,,,,,
,,,,,,,,,,,,,,,
,,,,,,,,,,,,,,,
,,,,,,,,,,,,,,,
,,,,,,,,,,,,,,,
,,,,,,,,,,,,,,,
,,,,,,,,,,,,,,,
,,,,,,,,,,,,,,,
,,,,,,,,,,,,,,,
,,,,,,,,,,,,,,,
,,,,,,,,,,,,,,,
,,,,,,,,,,,,,,,
,,,,,,,,,,,,,,,
,,,,,,,,,,,,,,,
,,,,,,,,,,,,,,,
,,,,,,,,,,,,,,,
,,,,,,,,,,,,,,,
,,,,,,,,,,,,,,,
,,,,,,,,,,,,,,,
,,,,,,,,,,,,,,,
,,,,,,,,,,,,,,,
,,,,,,,,,,,,,,,
,,,,,,,,,,,,,,,
,,,,,,,,,,,,,,,
,,,,,,,,,,,,,,,
,,,,,,,,,,,,,,,
,,,,,,,,,,,,,,,
,,,,,,,,,,,,,,,
,,,,,,,,,,,,,,,
,,,,,,,,,,,,,,,
,,,,,,,,,,,,,,,
,,,,,,,,,,,,,,,
,,,,,,,,,,,,,,,
,,,,,,,,,,,,,,,
,,,,,,,,,,,,,,,
,,,,,,,,,,,,,,,
,,,,,,,,,,,,,,,
,,,,,,,,,,,,,,,
,,,,,,,,,,,,,,,
,,,,,,,,,,,,,,,
,,,,,,,,,,,,,,,
,,,,,,,,,,,,,,,
,,,,,,,,,,,,,,,
,,,,,,,,,,,,,,,
,,,,,,,,,,,,,,,
,,,,,,,,,,,,,,,
,,,,,,,,,,,,,,,
,,,,,,,,,,,,,,,
,,,,,,,,,,,,,,,
,,,,,,,,,,,,,,,
,,,,,,,,,,,,,,,
,,,,,,,,,,,,,,,
,,,,,,,,,,,,,,,
,,,,,,,,,,,,,,,
,,,,,,,,,,,,,,,
,,,,,,,,,,,,,,,
,,,,,,,,,,,,,,,
,,,,,,,,,,,,,,,
,,,,,,,,,,,,,,,
,,,,,,,,,,,,,,,
,,,,,,,,,,,,,,,
,,,,,,,,,,,,,,,
,,,,,,,,,,,,,,,
,,,,,,,,,,,,,,,
,,,,,,,,,,,,,,,
,,,,,,,,,,,,,,,
,,,,,,,,,,,,,,,
,,,,,,,,,,,,,,,
,,,,,,,,,,,,,,,
,,,,,,,,,,,,,,,
,,,,,,,,,,,,,,,
,,,,,,,,,,,,,,,
,,,,,,,,,,,,,,,
,,,,,,,,,,,,,,,
,,,,,,,,,,,,,,,
,,,,,,,,,,,,,,,
,,,,,,,,,,,,,,,
,,,,,,,,,,,,,,,
,,,,,,,,,,,,,,,
,,,,,,,,,,,,,,,
,,,,,,,,,,,,,,,
,,,,,,,,,,,,,,,
,,,,,,,,,,,,,,,
,,,,,,,,,,,,,,,
,,,,,,,,,,,,,,,
,,,,,,,,,,,,,,,
,,,,,,,,,,,,,,,
,,,,,,,,,,,,,,,
,,,,,,,,,,,,,,,
,,,,,,,,,,,,,,,
,,,,,,,,,,,,,,,
,,,,,,,,,,,,,,,
,,,,,,,,,,,,,,,
,,,,,,,,,,,,,,,
,,,,,,,,,,,,,,,
,,,,,,,,,,,,,,,
,,,,,,,,,,,,,,,
,,,,,,,,,,,,,,,
,,,,,,,,,,,,,,,
,,,,,,,,,,,,,,,
,,,,,,,,,,,,,,,
,,,,,,,,,,,,,,,
,,,,,,,,,,,,,,,
,,,,,,,,,,,,,,,
,,,,,,,,,,,,,,,
,,,,,,,,,,,,,,,
,,,,,,,,,,,,,,,
,,,,,,,,,,,,,,,
,,,,,,,,,,,,,,,
,,,,,,,,,,,,,,,
,,,,,,,,,,,,,,,
,,,,,,,,,,,,,,,
,,,,,,,,,,,,,,,
,,,,,,,,,,,,,,,
,,,,,,,,,,,,,,,
,,,,,,,,,,,,,,,
,,,,,,,,,,,,,,,
,,,,,,,,,,,,,,,
,,,,,,,,,,,,,,,
,,,,,,,,,,,,,,,
,,,,,,,,,,,,,,,
,,,,,,,,,,,,,,,
,,,,,,,,,,,,,,,
,,,,,,,,,,,,,,,
,,,,,,,,,,,,,,,
,,,,,,,,,,,,,,,
,,,,,,,,,,,,,,,
,,,,,,,,,,,,,,,
,,,,,,,,,,,,,,,
,,,,,,,,,,,,,,,
,,,,,,,,,,,,,,,
,,,,,,,,,,,,,,,
,,,,,,,,,,,,,,,
,,,,,,,,,,,,,,,
,,,,,,,,,,,,,,,
,,,,,,,,,,,,,,,
,,,,,,,,,,,,,,,
,,,,,,,,,,,,,,,
,,,,,,,,,,,,,,,
,,,,,,,,,,,,,,,
,,,,,,,,,,,,,,,
,,,,,,,,,,,,,,,
,,,,,,,,,,,,,,,
,,,,,,,,,,,,,,,
,,,,,,,,,,,,,,,
,,,,,,,,,,,,,,,
,,,,,,,,,,,,,,,
,,,,,,,,,,,,,,,
,,,,,,,,,,,,,,,
,,,,,,,,,,,,,,,
,,,,,,,,,,,,,,,
,,,,,,,,,,,,,,,
,,,,,,,,,,,,,,,
,,,,,,,,,,,,,,,
,,,,,,,,,,,,,,,
,,,,,,,,,,,,,,,
,,,,,,,,,,,,,,,
,,,,,,,,,,,,,,,
,,,,,,,,,,,,,,,
,,,,,,,,,,,,,,,
,,,,,,,,,,,,,,,
,,,,,,,,,,,,,,,
,,,,,,,,,,,,,,,
,,,,,,,,,,,,,,,
,,,,,,,,,,,,,,,
,,,,,,,,,,,,,,,
,,,,,,,,,,,,,,,
,,,,,,,,,,,,,,,
,,,,,,,,,,,,,,,
,,,,,,,,,,,,,,,
,,,,,,,,,,,,,,,
,,,,,,,,,,,,,,,
,,,,,,,,,,,,,,,
,,,,,,,,,,,,,,,
,,,,,,,,,,,,,,,
,,,,,,,,,,,,,,,
,,,,,,,,,,,,,,,
,,,,,,,,,,,,,,,
,,,,,,,,,,,,,,,
,,,,,,,,,,,,,,,
,,,,,,,,,,,,,,,
,,,,,,,,,,,,,,,
,,,,,,,,,,,,,,,
,,,,,,,,,,,,,,,
,,,,,,,,,,,,,,,
,,,,,,,,,,,,,,,
,,,,,,,,,,,,,,,
,,,,,,,,,,,,,,,
,,,,,,,,,,,,,,,
,,,,,,,,,,,,,,,
,,,,,,,,,,,,,,,
,,,,,,,,,,,,,,,
,,,,,,,,,,,,,,,
,,,,,,,,,,,,,,,
,,,,,,,,,,,,,,,
,,,,,,,,,,,,,,,
,,,,,,,,,,,,,,,
,,,,,,,,,,,,,,,
,,,,,,,,,,,,,,,
,,,,,,,,,,,,,,,
,,,,,,,,,,,,,,,
,,,,,,,,,,,,,,,
,,,,,,,,,,,,,,,
,,,,,,,,,,,,,,,
,,,,,,,,,,,,,,,
,,,,,,,,,,,,,,,
,,,,,,,,,,,,,,,
,,,,,,,,,,,,,,,
,,,,,,,,,,,,,,,
,,,,,,,,,,,,,,,
,,,,,,,,,,,,,,,
,,,,,,,,,,,,,,,
,,,,,,,,,,,,,,,
,,,,,,,,,,,,,,,
,,,,,,,,,,,,,,,
,,,,,,,,,,,,,,,
,,,,,,,,,,,,,,,
,,,,,,,,,,,,,,,
,,,,,,,,,,,,,,,
,,,,,,,,,,,,,,,
,,,,,,,,,,,,,,,
,,,,,,,,,,,,,,,
,,,,,,,,,,,,,,,
,,,,,,,,,,,,,,,
,,,,,,,,,,,,,,,
,,,,,,,,,,,,,,,
,,,,,,,,,,,,,,,
,,,,,,,,,,,,,,,
,,,,,,,,,,,,,,,
,,,,,,,,,,,,,,,
,,,,,,,,,,,,,,,
,,,,,,,,,,,,,,,
,,,,,,,,,,,,,,,
,,,,,,,,,,,,,,,
,,,,,,,,,,,,,,,
,,,,,,,,,,,,,,,
1,FF-0235,ลูกมะพร้าว,FF,235,โกฟรี& น้องติก หลังจวน,1,ลูก,  30.00 ,,,,,,,
2,-0000,,,,,,,,,,,,,,
3,-0000,,,,,,,,,,,,,,
4,-0000,,,,,,,,,,,,,,
5,-0000,,,,,,,,,,,,,,
6,-0000,,,,,,,,,,,,,,
7,-0000,,,,,,,,,,,,,,
8,-0000,,,,,,,,,,,,,,
9,-0000,,,,,,,,,,,,,,
10,-0000,,,,,,,,,,,,,,
11,-0000,,,,,,,,,,,,,,